rank,Youtuber,category,Country,created_year,created_month,created_date,channel_id,Total Views,Subscriber Count,Hidden Subscriber Count,Video Count,Recent Video 1 Title,Recent Video 1 URL,Recent Video 2 Title,Recent Video 2 URL,Recent Video 3 Title,Recent Video 3 URL,Recent Video 4 Title,Recent Video 4 URL,Recent Video 5 Title,Recent Video 5 URL
1,T-Series,Music,India,2006.0,Mar,13.0,UCq-Fj5jknLsUf-MWSy4_brA,305352555714,299000000,False,23986,Baba Bhole Baba (Lyrical Video): Akhil Sachdeva | Manoj Muntashir | Kunwar Anshith | Sawan Special,https://www.youtube.com/watch?v=ClTVyqgHfYw,"KHAIRIYAT 8K - BONUS TRACK | Sushant Singh Rajput, Shraddha Kapoor |Arijit Singh |Pritam |Chhichhore",https://www.youtube.com/watch?v=9pIXNy-pS10,"Missing You - Monsoon Mashup 2025 | Arijit Singh, Jubin Nautiyal, K.K. | Love Mashup | DJ Shadow",https://www.youtube.com/watch?v=M7clP5noNAs,Chandaniya😍🌙 - Ashish Chanchlani & Elli AvrRam😍 | Mithoon | Vishal Mishra | Sayeed Qadri,https://www.youtube.com/watch?v=SKnb3wMlkuA,"The Iconic Hook🔥 Dil Pe Chalai Churiya | Sonu Nigam | Raju Kalakar, Anjali, Rajan, Rishabh, Deepak",https://www.youtube.com/watch?v=iqgXeyS457Q
2,YouTube Movies,Film & Animation,United States,2006.0,Mar,5.0,UClgRkhTL3_hImCAmdLfDE4g,0,190000000,False,0,,,,,,,,,,
3,MrBeast,Entertainment,United States,2012.0,Feb,20.0,UCX6OQ3DkcsbYNE6H8uQQuVA,91069136189,416000000,False,886,Jet Engine vs Human for $10k,https://www.youtube.com/watch?v=EiFcNbXBqeo,"Survive 100 Days Trapped In A Private Jet, Keep It",https://www.youtube.com/watch?v=pzBi1nwDn8U,I Met Neymar,https://www.youtube.com/watch?v=R7oW0LwS_e4,I Raced A Cheetah,https://www.youtube.com/watch?v=BfKI_TQnQvo,World's Fastest Car Vs Cheetah!,https://www.youtube.com/watch?v=FWAdfuPpLOc
4,Cocomelon - Nursery Rhymes,Education,United States,2006.0,Sep,1.0,UCbCmjCuTUZos6Inko4u57UQ,206096953425,195000000,False,1634,Count the Toy Ice Cream Tower! 😋🍦,https://www.youtube.com/watch?v=P_x6qJducPA,High Five Song! JJ's Summer Waterpark Splash! 🌊 | CoComelon Nursery Rhymes & Kids Songs,https://www.youtube.com/watch?v=XZ_J-X4asck,CoComelon PUZZLE CHALLENGE! 🧩 Kids Crafts!,https://www.youtube.com/watch?v=vAlSI30X0mk,Making Ice Cream! 🍦 Kids Education,https://www.youtube.com/watch?v=u4uIK587Ngo,JJ Get's a Boo-Boo! 😢🤳 FaceTime with CoComelon!,https://www.youtube.com/watch?v=E8OYFtH2OVk
5,SET India,Shows,India,2006.0,Sep,20.0,UCpEhnqL0y41EpW2TvWAHD7Q,179713320247,185000000,False,157424,Rishabh ने की एक मजबूर आदमी की Help | Bade Achhe Lagte Hai | New Season | Best Moments,https://www.youtube.com/watch?v=_n_8XfUExUI,Aami Dakini | Ep 21 & 22 | RECAP | आमि डाकिनी,https://www.youtube.com/watch?v=GvBr7_9-RTo,Bahubali Case के चक्कर में Police Inspector ने क्यों किया Resign? | Crime Patrol | Inspector Series,https://www.youtube.com/watch?v=Mw96kP2iXOw,Rohan ने गाया Pawandeep के लिए 'Joru Ka Ghulam' Song | Superstar Singer 2 | Voice Of Rohan,https://www.youtube.com/watch?v=wRUK6qU4cm0,Bade Achhe Lagte Hai - New Season - Ep 29 - Coming Up Next - बड़े अच्छे लगते हैं - नया सीजन,https://www.youtube.com/watch?v=hP_A8e2BCBI
6,Music,,,2013.0,Sep,24.0,UCaCE5pzy49M8nQ59plgmFOA,365614833,887000,False,960,Wednesday Morning Jazz - Sweet November Bossa Nova and Jazz Music,https://www.youtube.com/watch?v=N7JFxMi_U8c,Wednesday Morning Jazz - Bossa Nova and Jazz Music for Autumn Morning,https://www.youtube.com/watch?v=ZRHJ680Taa0,Monday Morning Jazz - September Jazz & Bossa Nova Music for Good Day,https://www.youtube.com/watch?v=zEA8mZ88euI,Tuesday Morning Jazz - Positive Jazz and Bossa Nova Music for Relaxing Day,https://www.youtube.com/watch?v=XTbL95edcEQ,Tuesday Morning Jazz - Happy Jazz & Bossa Nova Music for Good Day,https://www.youtube.com/watch?v=AYJHwGhQjKo
7,ýýý Kids Diana Show,People & Blogs,United States,2015.0,May,12.0,UCk8GzjMOrta8yxDcKfylJYw,117493480591,135000000,False,1392,Diana’s Color Game with Oliver 🎨,https://www.youtube.com/watch?v=7WqYqmN9uHc,Glam Girlz Mission to Cheer Up a Sad Child,https://www.youtube.com/watch?v=lQ4IHMFgCA0,When your Train has only 1 Toilet - Railway Safety Rules,https://www.youtube.com/watch?v=ASq2sGlPF14,Roma Learns to Sort Trash,https://www.youtube.com/watch?v=5bGCEmPK8BA,Drive-In Movie Theater,https://www.youtube.com/watch?v=QoUdYdgtg0E
8,PewDiePie,Gaming,Japan,2010.0,Apr,29.0,UC-lHJZR3Gqxm24_Vd_AJ5Yw,29573996120,110000000,False,4819,This Hit Different This Year… 🇸🇪,https://www.youtube.com/watch?v=MhRGfNkw3Vo,I'm DONE with Google,https://www.youtube.com/watch?v=u_Lxkt50xOg,This Trip Was NOT What We Planned,https://www.youtube.com/watch?v=4uqo-brP3xs,Presenting my Billion Dollar Plan...,https://www.youtube.com/watch?v=pgeTa1PV_40,Cycle across Japan!,https://www.youtube.com/watch?v=qGXtMENJDps
9,Like Nastya,People & Blogs,Russia,2016.0,Jan,14.0,UCJplp5SjeGSdVdwsfb9Q7lQ,114687357488,129000000,False,968,Nastya is dancing #shortsdance,https://www.youtube.com/watch?v=ytQuVWODf2g,Nastya chooses a prince for the royal ball,https://www.youtube.com/watch?v=OATbYWIi8a8,Nastya and Evelyn #trending,https://www.youtube.com/watch?v=2bGaUf80z60,Nastya turns into superheroes because of a magic toy,https://www.youtube.com/watch?v=29eP-B3HXww,Nastya and funny trendy #shortvideo,https://www.youtube.com/watch?v=4W6ZEMXQwAs
10,Vlad and Niki,Entertainment,United States,2018.0,Apr,23.0,UCvlE5gTbOvjiolFlEm-c_Ow,110065432923,143000000,False,925,Four Colors Water Balloons Challenge,https://www.youtube.com/watch?v=YSzHkw1h_Oc,Funny Babies Masks stories with Chris,https://www.youtube.com/watch?v=sU87yk6CBQQ,Kids Jump through the wall,https://www.youtube.com/watch?v=naMLLJXHi9M,Kids learn road safety and traffic rules,https://www.youtube.com/watch?v=YiX-qeLkgrk,Funny Kids Adventures with Magic Faucet,https://www.youtube.com/watch?v=Ii4grx0h5Ss
11,Zee Music Company,Music,India,2014.0,Mar,12.0,UCFFbwnve3yF62-tVXkTyHqg,79703545422,119000000,False,14457,Create your own #Shorts on Bas Ek Dhadak and share your Dhadak moment 💗,https://www.youtube.com/watch?v=2BNxRDk4gCc,Create your own #Shorts on Bas Ek Dhadak and share your Dhadak moment 💗,https://www.youtube.com/watch?v=dgBrk_exvgg,Create your own #Shorts on Bas Ek Dhadak and share your Dhadak moment 💗,https://www.youtube.com/watch?v=hlAA0Czpe1c,Create your own #Shorts on Bas Ek Dhadak and share your Dhadak moment 💗,https://www.youtube.com/watch?v=WuRBMGoIA6M,Darshan Raval pouring his soul into #PreetRe - a melody of love #Shorts #Dhadak2,https://www.youtube.com/watch?v=50AadFrvH8E
12,WWE,Sports,United States,2007.0,May,11.0,UCJ5v_MCY6GNUBTO8-D3XoAg,96555829474,110000000,False,86473,"Top 10 WWE NXT moments: WWE Top 10, July 22, 2025",https://www.youtube.com/watch?v=PCJHleS-BUA,We rate this a 10/10 🔥🇮🇪,https://www.youtube.com/watch?v=GuaD9vQRAaU,Julius Creed and Brutus Creed are absolute MACHINES 💪🤖,https://www.youtube.com/watch?v=tmF5R4Opnek,Tomorrow! Shawn Michaels joins Six Feet Under,https://www.youtube.com/watch?v=GV2g5kSl030,WE ARE SO BACK 👏👏👏,https://www.youtube.com/watch?v=mBZKoUGdML8
13,Gaming,,,2013.0,Dec,15.0,UCo0NaLsgPT6JrQLQGecpMyw,429457991,1150000,False,322,"WORM MONSTER in the BACKYARD!!  Dig for Treasure, Gold, and Rainbow Gems in Roblox with Adley & Niko",https://www.youtube.com/watch?v=L9iw5t00LC0,MERMAiDS in DRESS to iMPRESS!? Adley & Navey try NEW SUMMER UPDATE! Winning the special round w/ Dad,https://www.youtube.com/watch?v=O_q-oOlCyyw,"PUPPET MASTER vs ADLEY and NiKO!! a Magic Family Quest to collect pets, get gear, level up and learn",https://www.youtube.com/watch?v=wKbQpgKUa94,ALL NiGHT GAMiNG PARTY!! can we stay awake? Adley Niko & Navey surprise Dad with Roblox family fun,https://www.youtube.com/watch?v=17DNWfPkjGk,MOM HAS A BABY but in ROBLOX?!  Adley helps deliver a little brother Niko! Family votes for Nick KCA,https://www.youtube.com/watch?v=UxJMNwFLMME
14,BLACKPINK,People & Blogs,South Korea,2016.0,Jun,29.0,UCOmHUn--16B90oW2L6FRR3A,39157806906,98000000,False,622,BLACKPINK WORLD TOUR [DEADLINE] IN CHICAGO ✨ #BLACKPINK #WORLDTOUR #DEADLINE #DEADLINE_IN_CHICAGO,https://www.youtube.com/watch?v=YOy_-1ukMIY,‘뛰어(JUMP)’ with 리사 #BLACKPINK #블랙핑크 #LISA #리사 #뛰어 #JUMP #shorts,https://www.youtube.com/watch?v=PNZ6_9hgDmo,‘뛰어(JUMP)’ with 로제 #BLACKPINK #블랙핑크 #ROSÉ #로제 #뛰어 #JUMP #shorts,https://www.youtube.com/watch?v=C7D70HFOEwg,BLACKPINK - ‘뛰어(JUMP)’ M/V Behind the Scenes,https://www.youtube.com/watch?v=OIT4-nkQVyo,BLACKPINK - NEW OFFICIAL LIGHT STICK SPECIAL EDITION 🩷,https://www.youtube.com/watch?v=JBkVSQ6wMVI
15,Goldmines,Film & Animation,,2006.0,Aug,15.0,UCyoXW-Dse7fURq30EWl_CUA,30477982038,106000000,False,11045,Srinivasa Reddy Ne Office Ka WiFi Bandh Kar Diya #JambaLakidiPamba #SrinivasaReddy #SiddhiIdnani,https://www.youtube.com/watch?v=N1Cgvh5gJyg,एक आँख वाले राक्षस और विजय का धमाकेदार सीन,https://www.youtube.com/watch?v=fFfLwjCTTpQ,अल्लू अर्जुन की हिम्मत तो देखो सीधा MLA के घर में घुसकर उसे प्रोपोज़ कर दिया,https://www.youtube.com/watch?v=Lrw6paHgxvY,Soori Iss Adami Ko Kali Zaban Wale Aadmi Bol Raha Hai #Soori #ShivaKaBadla #Vishal #Shorts,https://www.youtube.com/watch?v=1yKnh8KqJao,तुम्हारी सफ़ाई और धुलाई मेरे हाथों में लिखी है,https://www.youtube.com/watch?v=s9AZ8UnXiZw
16,Sony SAB,Shows,India,2007.0,Aug,4.0,UC6-F5tO8uklgE9Zy8IvbdFw,132139948036,102000000,False,101086,Shaurya Ka Love Confession | Ufff…Yeh Love Hai Mushkil | #ShabirAhluwalia #AshiSingh,https://www.youtube.com/watch?v=VAafXGBjAEA,Yug Ke Samne Aya Shaurya Ka Truth | Ufff…Yeh Love Hai Mushkil | #ShabirAhluwalia #AshiSingh,https://www.youtube.com/watch?v=lC1vNgqDsr4,Wagle Ki Duniya | वागले की दुनिया | Ep 1348 | Coming Up Next,https://www.youtube.com/watch?v=YuBvDRLA3Ss,NEW! Wagle Ki Duniya | Ep 1347 | 23 July 2025 | Teaser,https://www.youtube.com/watch?v=oIHIQ2h9AJI,Rama के सामने आया Shraavani की हत्या सच | Tenali Rama | Ep 162 | Full Episode | 21 June 2025,https://www.youtube.com/watch?v=QA5HlBLShBY
17,5-Minute Crafts,Howto & Style,United Kingdom,2020.0,Jul,27.0,UC295-Dw_tDNtZXFeAPAW6Aw,28212321380,81000000,False,7746,CUTEST DECOR EVER! 🌸🛋️ Aesthetic & Cozy DIY Decor Ideas for Home,https://www.youtube.com/watch?v=AATmVPdnoss,ONLY GOT A GLUE GUN? ✨ These Glue Gun Hacks & Crafts Are SO Fun to Make! 🎨,https://www.youtube.com/watch?v=_e7lxwH-D14,EASY Kitchen Hacks to Cook Like a Pro! 🍳💡 Done in 5 Minutes!,https://www.youtube.com/watch?v=Qp8QgBIFFVQ,CHIC & TRENDY! 🏠✨ Home Decor Ideas for Every Room,https://www.youtube.com/watch?v=StfrbaSmqRw,I TURNED MY SCHOOL SUPPLIES INTO SQUISHIES! 🤯 And They're Actually So Cool! Genius DIY Ideas!,https://www.youtube.com/watch?v=gmW726memgI
18,BANGTANTV,Music,South Korea,2012.0,Dec,17.0,UCLkAepWjdylmXSltofFvsYQ,25531146524,81000000,False,2896,진 (Jin) ‘RUNSEOKJIN_EP.TOUR’ in AMSTERDAM: LIVE VIEWING Official Trailer,https://www.youtube.com/watch?v=Ujb1Mw6uHbY,[EPISODE] j-hope Tour ‘HOPE ON THE STAGE’ FINAL - BTS (방탄소년단),https://www.youtube.com/watch?v=rJJFFagT81Y,j-hope 'MIC Drop' @ Lollapalooza Berlin 2025,https://www.youtube.com/watch?v=Yq_kV8MRrtA,j-hope '방화 (Arson)' @ Lollapalooza Berlin 2025,https://www.youtube.com/watch?v=YqxJjU_povE,"j-hope 'NEURON (with Gaeko, yoonmirae)' @ Lollapalooza Berlin 2025",https://www.youtube.com/watch?v=b2Olw-YrMko
19,Sports,,United States,2006.0,Jan,30.0,UCja8sZ2T4ylIqjggA1Zuukg,1136228560,1040000,False,33851,"2025 Big Ten Media Days: Breaking down teams, Buy or Sell situations & Biggest Questions 💪",https://www.youtube.com/watch?v=1SWsu-eeiVw,The Angels would go on to lose 6-3 #shorts,https://www.youtube.com/watch?v=P8sV0mHvUvQ,"2025 MLB Trade Deadline: Ideal trade targets for THREE contending teams | Yankees, Dodgers, & Cubs ✅",https://www.youtube.com/watch?v=a74XnJezv0E,Luckily it’s only July 😅 #shorts,https://www.youtube.com/watch?v=iJU3jVsGHkg,"Buy or Sell: Ohio State misses CFP, Penn State wins Big Ten & MORE 👀 | Big Ten Media Days",https://www.youtube.com/watch?v=QOrOpRdA250
20,Justin Bieber,Music,Canada,2007.0,Jan,15.0,UCIwFjwMjI0y7PDBVEO9-bkQ,35211787113,75800000,False,251,"Justin Bieber, Sexyy Red - SWEET SPOT (Audio)",https://www.youtube.com/watch?v=wiV8lwhv8tc,"Justin Bieber, Dijon - DEVOTION (Audio)",https://www.youtube.com/watch?v=SpbDwr7HZdw,"Justin Bieber, Druski - THERAPY SESSION (Audio)",https://www.youtube.com/watch?v=ZYwUJj732Nk,Justin Bieber - GO BABY (Audio),https://www.youtube.com/watch?v=cfhRITCzKGE,Justin Bieber - DAISIES (Audio),https://www.youtube.com/watch?v=msGuqelopMA
21,HYBE LABELS,Music,South Korea,2008.0,Jun,4.0,UC3IZKseVpdzPSBaWxBxundA,40487428312,78000000,False,2664,ILLIT (아일릿) 'Toki Yo Tomare' Concept Film - Home Playing ver.,https://www.youtube.com/watch?v=sM8cNSE5E5o,[HYBE MUSIC GROUP AUDITION] Message From TOMORROWXTOGETHER,https://www.youtube.com/watch?v=n7d-Bn6ZP-g,TOMORROW X TOGETHER 'The Star Chapter: TOGETHER' COMEBACK SHOWCASE,https://www.youtube.com/watch?v=0eV_yzwYz28,TXT (투모로우바이투게더) 'Beautiful Strangers' Official MV,https://www.youtube.com/watch?v=cmjq_e6k5fk,TXT (투모로우바이투게더) 'Beautiful Strangers' Official MV,https://www.youtube.com/watch?v=IcwHopeT5gY
22,Zee TV,Entertainment,India,2005.0,Dec,11.0,UCppHT7SZKKvar4Oc9J4oljQ,106634827704,92600000,False,215678,#Vasudha #Shorts #Zee TV #Entertainment #Drama,https://www.youtube.com/watch?v=5irimvu6770,Saru | Will Saru ever find a way to get out of jail?,https://www.youtube.com/watch?v=C5ZN-uTjv_Q,राघव और रीट का साथ देख उन्नति आहत होती है - Jaane Anjaane Hum Mile - Full Episode 203 @zeetv,https://www.youtube.com/watch?v=dKAU8mpZ8Po,#Jamai No 1 #Shorts #Zee TV #Entertainment #Reality Tv Show,https://www.youtube.com/watch?v=ddOUD1ZU09Q,अविनाश का खुलासा देवांश को मेघा से सामना करने पर मजबूर करता है - Vasudha - Full Episode 243,https://www.youtube.com/watch?v=QjO5yPq949E
23,Pinkfong Baby Shark - Kids' Songs & Stories,Education,United States,2011.0,Dec,14.0,UCcdwLMPsaU2ezNSJU1nFoBQ,50768939863,82500000,False,3594,🚨 Thief Shark Family: All Under Arrest | Police Game | Official Pinkfong,https://www.youtube.com/watch?v=BUruC0t7CVk,The Submarine goes left and right! #domikado #babyshark #collaboration,https://www.youtube.com/watch?v=1JEdL8TGl0w,Summer Mix - Baby Shark Robot and more | Baby Shark Remix | +Compilation | Pinkfong Official,https://www.youtube.com/watch?v=agvKbn2N51U,🔴 LIVE 24/7 for Mobile 🔴 🐒 Monkey Banana Dance Non-Stop 🐒 | Kids' Songs | Pinkfong Live,https://www.youtube.com/watch?v=8bhUAuadH6g,Baby Shark Deep Sea Carnival🎪ㅣBaby Shark X SEA LIFE Bangkok 🇹🇭ㅣDive into the underwater wonder!,https://www.youtube.com/watch?v=5lOh2_YRjQw
24,Canal KondZilla,Music,Brazil,2012.0,Mar,21.0,UCffDXn7ycAzwL2LDlbyWOTw,39559257859,67800000,False,3391,"MC NETO GDN, MC VITINHO DA 7, MC BOY DA PENHA, MC BRUNO FB, DJ MONTEIRO SP - Apaga a Luz (KondZilla)",https://www.youtube.com/watch?v=clSzZgUUZyg,É verdade 🤣🤣🤣,https://www.youtube.com/watch?v=B_dqF1b28kQ,Tu vai ver 😡🔊🔥,https://www.youtube.com/watch?v=HeXpZtjnViU,ISSO É REAL? 😱 Ouça “Mentira ou Verdade” do @mckekel 🤝🏾 @mcluuky na sua plat. digital fav. ▶️🔥,https://www.youtube.com/watch?v=7WAi-b0dIgQ,Fotos disseram… 👋🏽🔥🔊,https://www.youtube.com/watch?v=VVVLW1O1Peo
25,ChuChu TV Nursery Rhymes & Kids Songs,Education,India,2013.0,Feb,9.0,UCBnZ16ahKA2DZ_T5W0FPUXg,55908934506,96900000,False,903,Five Little Ducks | Learn Numbers with ChuChu TV Nursery Rhymes for Infants and Toddlers,https://www.youtube.com/watch?v=rxemW1YB6oQ,Opening the Hippo Surprise Egg #Shorts #ChuChuTV #SurpriseEggs #ChuChuTVSurprise #Animals,https://www.youtube.com/watch?v=osJ6vKv7FHI,Are You Sleeping? Baby Wild Animals - Part2 #Shorts #ChuChuTV #NurseryRhymes #KidsSongs #animalsongs,https://www.youtube.com/watch?v=VWYk-F2bMc0,Sky Song - Rainbow #Shorts #ChuChuTV #NurseryRhymes #kidsshorts #JumblikansDinosaurs,https://www.youtube.com/watch?v=WL_ohYN3Mnk,Mouse in the House + more Baby Toy Show Episodes with Baby Taku | ChuChu TV Funny Kids Cartoon Video,https://www.youtube.com/watch?v=YEa_otCZmkg
26,Shemaroo Filmi Gaane,Music,India,2010.0,Jun,11.0,UCP6uH_XlsxrXwZQ4DlqbqPg,33004866702,72800000,False,9484,"Zooby Zooby Mehboobi | Ram Tere Kitne Nam (1985) | Kishore Kumar | RD Burman | Sachin, Shraddha",https://www.youtube.com/watch?v=bVT0fbe3iPg,Comedy King Mehmood | 10 Superhit Songs Compilation | Bollywood’s Funniest Icon | महमूद के गाने,https://www.youtube.com/watch?v=Eh-_6ycXCJM,Tera Hi Pyar Mere Is Dil Mein Rahega_Paayal (1992) #shorts @filmigaane,https://www.youtube.com/watch?v=MUILZF7HmAw,हल्ला गुल्ला मज़ा है जवानी | Halla Gulla Maza Hai Jawaani | Jawaani (1984) | Amit Kumar | RD Burman,https://www.youtube.com/watch?v=bEyLsWQ-Sws,Top 10 Timeless Duets of Mukesh & Asha Bhosle | Golden Melodies of Bollywood | सदाबहार गाने,https://www.youtube.com/watch?v=ule63jhdlYQ
27,Colors TV,Shows,India,2008.0,Jun,13.0,UC55IWqFLDH1Xp7iu1_xknRA,80848004962,80700000,False,267781,Comedy Nights With Kapil | Fun Unlimited #comedy #kapilsharma,https://www.youtube.com/watch?v=es_kEMRiRVY,Entertainment Ki Raat | Full  | Ep. 5 | The team of Fukrey Returns | Colors TV,https://www.youtube.com/watch?v=E2Aw2fdfrhk,Balika Vadhu | Full  | Ep. 774 | Gauri apologises to Anandi and family | Colors TV,https://www.youtube.com/watch?v=trbU2LJ9s68,Comedy Nights With Kapil | Full  | Ep. 107 | Shahid Kapoor visits Kapil's new restaurant | Colors TV,https://www.youtube.com/watch?v=5wGO2xN9DYM,"Laughter Chefs  | Full  | Ep. 5 | Sweet laughs, sweet dishes | Colors TV",https://www.youtube.com/watch?v=XIaU8Zvu4SE
28,T-Series Bhakti Sagar,Music,India,2018.0,Aug,3.0,UCaayLD9i5x4MmIoVZxXSv_g,41169744633,77600000,False,30465,बोलो हर हर हर महादेव हर मुश्किल को आसान करो | दुख भी सुख सा ही बीतेगा सिर पर जब शिव की छाया है,https://www.youtube.com/watch?v=rh3EfvzBIhQ,जय हो बैजनाथ जय हो भोले भंडारी | बोल बम बम बम भोले | Shiv Mahima | Chal Kanwariya,https://www.youtube.com/watch?v=9Q1-H-JUUKo,"शंकर तो हैं अंतर्यामी, भक्तों के लिए सखा से हैं | Shiv Mahima Movie | Hariharan",https://www.youtube.com/watch?v=kQE-_7JAhLo,काँवर सजाले केसरिया Kanwar Sajale Kesariya | Kanwar Bhajan | BOBBY FAKEERA,https://www.youtube.com/watch?v=sy6SeUrwxqc,BOL BUM | Shiv Kanwar Bhajan Sangrah | SANJAY GIRI | Sawan Shivratri | HD Video Songs,https://www.youtube.com/watch?v=_yvelZSGR7Q
29,Dude Perfect,Sports,United States,2009.0,Mar,17.0,UCRijo3ddMTht_IHyNSNXpNQ,19397524124,61400000,False,501,15 Years of Trickshots…,https://www.youtube.com/watch?v=0iZ70zLPfLc,I Tried America's Most Dangerous Sport,https://www.youtube.com/watch?v=W1FzfKrT5LM,We ACTUALLY thought this was Impossible…,https://www.youtube.com/watch?v=fP-_vyVyAzU,THIS HAD A 0.001% CHANCE of going in 🤯 #ChatwithGemini,https://www.youtube.com/watch?v=EB26yMwuois,100 Person Airsoft Battle Royale,https://www.youtube.com/watch?v=XZB9eG2wYow
30,Movieclips,Film & Animation,United States,2006.0,Apr,28.0,UC3gNmTGu-TTbFPpfSs5kNkg,66385041959,64500000,False,42937,300: Rise of an Empire (2014) - Queen Gorgo (Lena Headey) Kicks Ass! Scene | Movieclips,https://www.youtube.com/watch?v=mJy2hbsWjnM,300: Rise of an Empire (2014) - Surrender to Me Scene | Movieclips,https://www.youtube.com/watch?v=nAqkbXxRN18,300: Rise of an Empire (2014) - Artemisia's Wrath Scene | Movieclips,https://www.youtube.com/watch?v=5rC_eQdh5dQ,300: Rise of an Empire (2014) - Ocean of Fire Scene | Movieclips,https://www.youtube.com/watch?v=GkMjOA7wFt8,300: Rise of an Empire (2014) - Eva Green as Artemisia is SEXY Scene | Movieclips,https://www.youtube.com/watch?v=UhErDJHuIUs
31,Tips Official,Music,India,2007.0,May,22.0,UCJrDMFOdv1I2k8n9oK_V21w,48820305934,77200000,False,8250,"Gajjan ban ke #ammyvirk ne sab nu dikhaya, keh simplicity vich vi impact hunda ae! 😍",https://www.youtube.com/watch?v=6Repn-vYEek,"Daso hun, Gajjan da tikkha gussa wadh meetha lagga ya Pyaaro da? 😚",https://www.youtube.com/watch?v=Abtm8go-JmE,"Warning: This voice may cause feelings. Happy Birthday, Armaan Malik! 🎶💙.",https://www.youtube.com/watch?v=fJop4HW6UiI,"Action bhi, emotion bhi… aur Maalik ka full dhamaka bhi! 💣🔥Book your tickets now.",https://www.youtube.com/watch?v=32OYYBvXtc8,"Pehlan te sirf charcha si, hun taan cinema ch mach gaya ae hungama sirf Sarbala Ji da!",https://www.youtube.com/watch?v=ygKA8bbk-Mo
32,El Reino Infantil,Music,Argentina,2011.0,Jun,2.0,UCK1i2UviaXLUNrZlAFpw_jA,68269257662,69600000,False,1870,Bebé Tiburón (Baby Shark) - La Granja de Zenón - Bichikids y Más | El Reino Infantil,https://www.youtube.com/watch?v=5FY9iAWepZY,Vehículos Divertidos 🚲🚍 MINI SMILEY 😀 Canción Infantil | El Reino Infantil,https://www.youtube.com/watch?v=hd_gIH9eBvo,¡Bartolito al Rescate! 🐓 La Granja de Zenón en el Teatro: Héroes en Acción💫 #Shorts,https://www.youtube.com/watch?v=Yzo99Wb7asg,¡Feliz Día del Amigo! 💛 Zenón te manda un saludo especial 🤗 | #shorts  #lagranjadezenon,https://www.youtube.com/watch?v=HYkW3ydlZU4,¡Aventura sorpresa con Bartolito y El Lorito Pepe! 🐔🦜 | #Shorts #LaGranjaDeZenón,https://www.youtube.com/watch?v=qZ5rED86dxs
33,Wave Music,Music,India,2014.0,Oct,29.0,UCbuK8xxu2P_sqoMnDsoBrrg,2680504281,4820000,False,2411,"SABAI & Miles Away - F*ck It, I'm Alright (Lyrics) feat. Olivia Ridgely",https://www.youtube.com/watch?v=nuwZxSD-hf0,Mazare & Fluorescents - The Sound (Lyrics),https://www.youtube.com/watch?v=Y28mSC0EXuM,Audien - Lose It All (Lyrics) feat. Rory Hope,https://www.youtube.com/watch?v=wvs9rflsg0s,Maroon 5 - California (Lyrics),https://www.youtube.com/watch?v=eLG89Q3xmMk,"Afrojack, Martin Garrix, David Guetta, Amél - Our Time (Lyrics)",https://www.youtube.com/watch?v=rZ7iR6X6QP4
34,Aaj Tak,News & Politics,India,2009.0,Aug,27.0,UCt4t-jeY85JegMlZ-E5UWtA,40393391229,73000000,False,484391,Black and White शो के आज के Highlights | 23 July 2025 | Anjana Om Kashyap | Akhilesh Yadav,https://www.youtube.com/watch?v=dA17Tbn-LFQ,"Rajasthan: अलवर में कांवड़ यात्रा में करंट से मौतें, बिजली विभाग की लापरवाही पर फूटा गुस्सा | AajTak",https://www.youtube.com/watch?v=dgoljoA8pPo,कौन से मोमोज़ हैं हेल्दी? जानिए रुजुता दिवेकर की सलाह #shorts #diet #shortsvideo #shortsviral,https://www.youtube.com/watch?v=pY-hmAbRVIw,ब्लैक एंड व्हाइट में Smriti Irani EXCLUSIVE #shorts #smritiirani #blackandwhiteshow #anjanaomkashyap,https://www.youtube.com/watch?v=BVNmo4VCFRs,Hariyali Amavasya को भूलकर भी ना करें ये काम! #shorts #shortsvideo #bholenath #shortsviral,https://www.youtube.com/watch?v=KJs5s1yES7U
35,Sony Music India,Music,India,2009.0,Sep,2.0,UC56gTxNs4f9xZ7Pa2i5xNzg,36706760214,66800000,False,7025,"Mera Pehla Pehla Pyar| Jaan Abhi Baaki Hai| Mahesh, I J Mishra, Satyajeet, Javed Ali, Nikhita Gandhi",https://www.youtube.com/watch?v=1gSmFQhr1ao,"Relive the love, feel the pain…💘 #arijitsingh #khamoshiyan #jeetgannguli",https://www.youtube.com/watch?v=7kMtGMtXcjE,The OG chill anthem of every college gang 😎 #vele #vishalshekhar #partysongs,https://www.youtube.com/watch?v=1VV0bg_QEeU,Feelings Of Love Jukebox | Evergreen Romantic Hindi Songs | Best of Bollywood Songs,https://www.youtube.com/watch?v=EY5e5bdeCm8,"Mera Yaar 8K - 8K/4K Music Video | Farhan Akhtar, Sonam Kapoor | Javed Bashir | Bhaag Milkha Bhaag",https://www.youtube.com/watch?v=ZI08l1-qT3s
36,EminemMusic,Music,United States,2007.0,Feb,9.0,UCfM3zsQsOnfWNUppiycmBuw,34617421143,65400000,False,199,STANS - Trailer (In Theatres August 7),https://www.youtube.com/watch?v=DZkDackH-H8,Eminem - The Real Slim Shady & The Way I Am (Live at MTV Music Awards 2000),https://www.youtube.com/watch?v=cdssTIMXQ1Y,Eminem - Fortnite Chapter 2 Remix The Finale Performance,https://www.youtube.com/watch?v=6lEg1Nt7A8A,Eminem - Fuel (feat. JID) [Official Lyric Video],https://www.youtube.com/watch?v=t5H_CewqpKA,Eminem - Temporary (feat. Skylar Grey) [Official Music Video],https://www.youtube.com/watch?v=ZaK9Wi5ho0o
37,Marshmello,Entertainment,United States,2015.0,Apr,6.0,UCEdvpU2pFRCVqU6yIPyTpMQ,16873688565,58000000,False,542,I can’t wait for yall to watch this @SmurfsMovie,https://www.youtube.com/watch?v=iWraO07JAqo,Marshmello - Bassline Flexa [@JoytimeCollective  Presents: Jumpstart Vol. 1],https://www.youtube.com/watch?v=fdE0BivhxTE,Jumpstart Vol. 1 is the first compilation on my label @JoytimeCollective Drops July 4th,https://www.youtube.com/watch?v=Q0FHPZfOYiQ,We were cringe but we were happy😂,https://www.youtube.com/watch?v=hj4ewm0IBiQ,Have to get them the best shot possible,https://www.youtube.com/watch?v=_6SJdUL8RdM
38,YRF,Film & Animation,India,2006.0,Jun,7.0,UCbTLwN10NoCU4WDzLf1JMOA,49545670095,66800000,False,4595,"Some songs fade, this one stayed. 500 Million+ Views on #MainYahaanHoon #VeerZaara",https://www.youtube.com/watch?v=KdxzTtS75To,"If “meant to be” had a visual, it would be this ♾️ | Book your tickets and watch #Saiyaara now",https://www.youtube.com/watch?v=XQ0QymAYtaY,"Lyrical | Dhun Song | Saiyaara | Ahaan Panday, Aneet Padda | Mithoon | Arijit Singh | In cinemas now",https://www.youtube.com/watch?v=xH4daEJvaZY,The love. The ache. The music. Experience #Saiyaara in cinemas now,https://www.youtube.com/watch?v=Dov6Ydt8TgM,Some love stories don’t just touch you they consume you | Watch #Saiyaara in cinemas now,https://www.youtube.com/watch?v=jqVHRB8bITw
39,LooLoo Kids - Nursery Rhymes and Children's Songs,Music,,2016.0,Nov,29.0,UC4NALVCmcmL5ntpV0thoH6w,38213758541,60400000,False,1022,Johny Johny Yes Papa - Learn Colors with Colorful BALLS + Baby Shark Surprise Eggs - Kids Songs,https://www.youtube.com/watch?v=HI5upQGIqmY,"LIVE - Wheels On The Bus, Johny Johny Yes Papa + A Ram Sam Sam and more Preschool Kids Songs",https://www.youtube.com/watch?v=wiPRXaSCuKg,LIVE - Johny Johny Yes PAPA and more Kids Songs and Nursery Rhymes - LooLoo Kids,https://www.youtube.com/watch?v=M4CMq2ooqRY,Let’s Count Together! Colors & Numbers Song - Kids Songs - LooLoo Kids Nursery Rhymes,https://www.youtube.com/watch?v=f0RUcS8r0Kk,LooLoo Kids feat DoggyLand by SnoopDog - Kids Fun Song,https://www.youtube.com/watch?v=QJpzcEjsfoU
40,Ed Sheeran,Music,United Kingdom,2006.0,Aug,8.0,UC0C-w0YjGpqDXGB8IHb662A,35706427959,58000000,False,645,Sapphire full Punjabi version feat. @Official_ArijitSingh ​⁠is out tomorrow 7:30pm BST / 12am IST,https://www.youtube.com/watch?v=MQrPSHZoocM,"Don’t meet your hero’s, unless your hero’s are James blunt. Love you mate xx.",https://www.youtube.com/watch?v=bkkKgLuuDRA,"This is one of my fav songs of the year, and such a huge talent. Thank you Skye Newman !",https://www.youtube.com/watch?v=OKbatquJFUI,Ed Sheeran - Sapphire (Unplugged) [Lyric Video],https://www.youtube.com/watch?v=H3QdJB77Ydg,I appreciate the effort on this waxwork but it’s creepy af let’s be honest,https://www.youtube.com/watch?v=zXw_6ru_3TI
41,Infobells - Hindi,Education,India,2014.0,Jun,6.0,UC1ciY6kR3yj3kaKZ6R7ewAg,43499571151,70500000,False,807,Akkad Bakkad Bambe Bo | Aloo Kachaloo Beta Plays Hide and Seek! Hindi Rhymes for Kids | Infobells,https://www.youtube.com/watch?v=mSkpVMptdNo,लालाजी को समोसा पसंद है - Lalaji Song | Hindi Rhymes & Cartoons | Infobells #hindirhymes #cartoons,https://www.youtube.com/watch?v=Tu79Wx0OIos,Chunnu Munnu The Do Bhai - Baby Toys Playing | Hindi Rhymes for Children | Infobells #hindirhymes,https://www.youtube.com/watch?v=c1VEnKdyTO4,Munna Jhoola Jhool - Jhoole mein munna rota hai | Hindi Rhymes & Cartoons | Infobells #hindirhymes,https://www.youtube.com/watch?v=tk0Op3ctxrA,Hathi Raja - हाथी राजा की लंबी सूंड | Hindi Rhymes & Cartoons | Infobells #hindirhymes #hathiraja,https://www.youtube.com/watch?v=Pi8usYXuSH4
42,Taylor Swift,Music,United States,2006.0,Sep,20.0,UCqECaJ8Gagnn7YCbPEzWH6g,40061167398,61200000,False,286,The #TSSummer2025 collection. Available at store.taylorswift.com while supplies last! ☀️,https://www.youtube.com/watch?v=58zLBjzfd4M,Anti-Hero (Behind The Scenes with The Ghosts In The Room),https://www.youtube.com/watch?v=P0haCYjysUs,cardigan (behind the scenes - forest & ocean),https://www.youtube.com/watch?v=PQp643val70,"Anti-Hero (Behind the Scenes with Mike Birbiglia, John Early & Mary Elizabeth Ellis)",https://www.youtube.com/watch?v=-ddfFsLHNQs,Bejeweled (Behind the Scenes with Dita Von Teese),https://www.youtube.com/watch?v=0GeyBM6NS5s
43,Ariana Grande,Music,United States,2007.0,Jan,22.0,UC9CoOnJkIBMdeijd9qYoT_g,29417359965,56200000,False,231,Ariana Grande - twilight zone (a cappella),https://www.youtube.com/watch?v=faIWnA4a524,Ariana Grande - twilight zone (instrumental),https://www.youtube.com/watch?v=tcZAMKVF2OE,Ariana Grande - twilight zone (official music video),https://www.youtube.com/watch?v=XKPAzTPsWrw,Ariana Grande - supernatural (official music video),https://www.youtube.com/watch?v=hKwizc5nsWY,"Ariana Grande - brighter days ahead (behind the scenes, part two)",https://www.youtube.com/watch?v=E9-hgk5Laxc
44,BillionSurpriseToys  - Nursery Rhymes & Cartoons,Education,United States,2013.0,Oct,25.0,UCRx3mKNUdl8QE06nEug7p6Q,13462719300,57800000,False,1572,"Indoor Playground with Wheels on the Bus Baby Hamster! Cartoons, and Family PlayToys!",https://www.youtube.com/watch?v=pDkadl_yONk,Baby Stories and Cartoon Shows for Kids! Best Popular Songs Compilation!,https://www.youtube.com/watch?v=RIRH-BP2juc,Indoor Playground! Cartoon for Kids and funny Stories! BillionSurpriseToys,https://www.youtube.com/watch?v=mwUW8Bsry0U,🔴 Wheels on the BUS 🚌 BST LIVE Best Kids Songs 2024! + MORE Nursery Rhymes! |,https://www.youtube.com/watch?v=6Zsug2SuJf8,Yummy Marshmallow Land with Playtime Songs for Children,https://www.youtube.com/watch?v=9Y89KNRkCOk
45,JuegaGerman,Gaming,Chile,2013.0,May,19.0,UCYiGq8XF7YQD00x7wAd62Zg,17222135499,53700000,False,2339,Trucos Que Te Salvaran La Vida,https://www.youtube.com/watch?v=ZvwVUZthxZ4,SE HACEN PASAR POR HUMANOS!!!!!!!!,https://www.youtube.com/watch?v=r5LeFM-Djes,Se TATUÓ MI CARA!!!! ✍️,https://www.youtube.com/watch?v=hNI6G0Cr2pI,NO HABLES Con Este Abuelo A Las 9:35 pm,https://www.youtube.com/watch?v=X53ULiDqK68,Mi Gringa Aprende Español Bajo Presión 🤣 @duolingoespanol,https://www.youtube.com/watch?v=np-YyHt0Uo4
46,Billie Eilish,Music,United States,2013.0,Feb,6.0,UCiGm_E4ZwYSHV3bcW1pnSeQ,20019940932,56300000,False,162,On Tour in Europe by Billie (Leg 1),https://www.youtube.com/watch?v=SHRLsnmyX68,blue.m4a (BLUE Mid-Writing Process),https://www.youtube.com/watch?v=MbgtBPgdy7c,paralyzed.m4a (BITTERSUITE Mid-Writing Process),https://www.youtube.com/watch?v=pprOlfeRRxA,playing diner for ricky.m4a (THE DINER Mid-Writing Process),https://www.youtube.com/watch?v=OQ1y3QMYHWI,playing claudia love of my life.m4a (L’AMOUR DE MA VIE Mid-Writing Process),https://www.youtube.com/watch?v=pHVXhX_1Pes
47,Get Movies,Entertainment,Russia,2006.0,Dec,16.0,UClZkHt2kNIgyrTTPnSQV3SA,36057814275,55900000,False,3705,НОВОЕ! ЛЕКС И ПЛУ: КОСМИЧЕСКИЕ ТАКСИСТЫ - 6 серия!!!  МУЛЬТФИЛЬМ ДЛЯ ДЕТЕЙ про машинки,https://www.youtube.com/watch?v=7ZuYg5nin0E,KOTE GAMES | Мультики | Animared Cartoons एनिमेटेड कार्टून kartun animasi,https://www.youtube.com/watch?v=ud9QYt20ilg,KOTE GAMES | Мультики | Animared Cartoons एनिमेटेड कार्टून kartun animasi,https://www.youtube.com/watch?v=GRUU3jY_YO0,Сборник серий Маша и Медведь — Смотреть без остановки!,https://www.youtube.com/watch?v=MlYIiQ46958,НОВОЕ! Говорящий Том - Большой Бен 13 СЕРИЯ -  Мультики для детей,https://www.youtube.com/watch?v=VmhtP25OfP0
48,Shemaroo,Entertainment,India,2007.0,Sep,1.0,UCF1JIbMUs6uqoZEY1Haw0GQ,26635452183,59400000,False,13348,Chennai Vs China - Suriya's Blockbuster Action Movie Hindi Dubbed (HD) - 7 Aum Arivu - Shruti Haasan,https://www.youtube.com/watch?v=MtThOv9ZfYw,Rocky Aur Rani Ki Prem Kahaani - Climax Scene (4K) - Ranveer Singh & Alia Bhatt - Hit Romantic Movie,https://www.youtube.com/watch?v=7yiWkw94gDc,"Jaya Bachchan VS Alia Bhatt, Ranveer Singh - Rocky Aur Rani Ki Prem Kahaani (4K) - Emotional Scene!",https://www.youtube.com/watch?v=Y0PWvHVs-wg,बोहोत अच्छा मेन्टेन किया है तूने ! 🥰 - Vidyut Jammwal & Adah Sharma Comedy Scene! - Commando 2 (4K),https://www.youtube.com/watch?v=XH41rRdbsog,"Jaguar - Full Blockbuster Action Movie! - Hindi Dubbed - Nikhil Gowda, Ramya Krishnan, Brahmanadam",https://www.youtube.com/watch?v=GGqu4CVTy8g
49,Badabun,Entertainment,,2007.0,Jul,21.0,UCYWOjHweP2V-8kGKmmAmQJQ,20024663893,47600000,False,26572,Acaban de encontrar lo peor en Puebla y todo México debe saberlo,https://www.youtube.com/watch?v=ivEaIzG_SnA,"Su corazón dejó de latir en pleno partido, pero lo último que hizo, hizo llorar al mundo.",https://www.youtube.com/watch?v=lMm1FQJt85E,Ya habrá fiscalía especializada en maltrato animal,https://www.youtube.com/watch?v=ALcuLFisTdA,En China así trabajan los albañiles,https://www.youtube.com/watch?v=L1wf0qtWuqw,"Si plantas un árbol, pagarás menos impuestos",https://www.youtube.com/watch?v=Ffrj-ALs56I
50,SonyMusicIndiaVEVO,Music,United States,2009.0,Sep,2.0,UC3MLnJtqc_phABBriLRhtgQ,37683758527,57300000,False,3757,Hamari Adhuri Kahani - Encore | Lyrical Video | Emraan Hashmi | Vidya Balan | Jeet Gannguli,https://www.youtube.com/watch?v=z23GK9PO2jE,Aise Na Dekho - Lyrical Video | Dhanush | Sonam Kapoor | Raanjhanaa | A. R. Rahman Hits,https://www.youtube.com/watch?v=8DS-JIHerdE,"Jab Tu Sajan - Lyric Video | Aap Jaisa Koi | R. Madhavan, Fatima | Rochak, Mohit",https://www.youtube.com/watch?v=68gBaJ3RWxQ,"Saare Jag Mein - Lyric Video | Aap Jaisa Koi | R. Madhavan, Fatima Sana Shaikh",https://www.youtube.com/watch?v=EbBnQZ0YobI,"Dhuan Dhuan - Lyric Video | Aap Jaisa Koi | R. Madhavan, Fatima Sana Shaikh",https://www.youtube.com/watch?v=Kgx1psMB0QU
