rank,Youtuber,category,Country,created_year,created_month,created_date
1,T-Series,Music,India,2006.0,Mar,13.0
2,YouTube Movies,Film & Animation,United States,2006.0,Mar,5.0
3,MrBeast,Entertainment,United States,2012.0,Feb,20.0
4,Cocomelon - Nursery Rhymes,Education,United States,2006.0,Sep,1.0
5,SET India,Shows,India,2006.0,Sep,20.0
6,Music,,,2013.0,Sep,24.0
7,ýýý Kids Diana Show,People & Blogs,United States,2015.0,May,12.0
8,PewDiePie,Gaming,Japan,2010.0,Apr,29.0
9,Like Nastya,People & Blogs,Russia,2016.0,Jan,14.0
10,Vlad and Niki,Entertainment,United States,2018.0,Apr,23.0
11,Zee Music Company,Music,India,2014.0,Mar,12.0
12,WWE,Sports,United States,2007.0,May,11.0
13,Gaming,,,2013.0,Dec,15.0
14,BLACKPINK,People & Blogs,South Korea,2016.0,Jun,29.0
15,Goldmines,Film & Animation,,2006.0,Aug,15.0
16,Sony SAB,Shows,India,2007.0,Aug,4.0
17,5-Minute Crafts,Howto & Style,United Kingdom,2020.0,Jul,27.0
18,BANGTANTV,Music,South Korea,2012.0,Dec,17.0
19,Sports,,United States,2006.0,Jan,30.0
20,Justin Bieber,Music,Canada,2007.0,Jan,15.0
21,HYBE LABELS,Music,South Korea,2008.0,Jun,4.0
22,Zee TV,Entertainment,India,2005.0,Dec,11.0
23,Pinkfong Baby Shark - Kids' Songs & Stories,Education,United States,2011.0,Dec,14.0
24,Canal KondZilla,Music,Brazil,2012.0,Mar,21.0
25,ChuChu TV Nursery Rhymes & Kids Songs,Education,India,2013.0,Feb,9.0
26,Shemaroo Filmi Gaane,Music,India,2010.0,Jun,11.0
27,Colors TV,Shows,India,2008.0,Jun,13.0
28,T-Series Bhakti Sagar,Music,India,2018.0,Aug,3.0
29,Dude Perfect,Sports,United States,2009.0,Mar,17.0
30,Movieclips,Film & Animation,United States,2006.0,Apr,28.0
31,Tips Official,Music,India,2007.0,May,22.0
32,El Reino Infantil,Music,Argentina,2011.0,Jun,2.0
33,Wave Music,Music,India,2014.0,Oct,29.0
34,Aaj Tak,News & Politics,India,2009.0,Aug,27.0
35,Sony Music India,Music,India,2009.0,Sep,2.0
36,EminemMusic,Music,United States,2007.0,Feb,9.0
37,Marshmello,Entertainment,United States,2015.0,Apr,6.0
38,YRF,Film & Animation,India,2006.0,Jun,7.0
39,LooLoo Kids - Nursery Rhymes and Children's Songs,Music,,2016.0,Nov,29.0
40,Ed Sheeran,Music,United Kingdom,2006.0,Aug,8.0
41,Infobells - Hindi,Education,India,2014.0,Jun,6.0
42,Taylor Swift,Music,United States,2006.0,Sep,20.0
43,Ariana Grande,Music,United States,2007.0,Jan,22.0
44,BillionSurpriseToys  - Nursery Rhymes & Cartoons,Education,United States,2013.0,Oct,25.0
45,JuegaGerman,Gaming,Chile,2013.0,May,19.0
46,Billie Eilish,Music,United States,2013.0,Feb,6.0
47,Get Movies,Entertainment,Russia,2006.0,Dec,16.0
48,Shemaroo,Entertainment,India,2007.0,Sep,1.0
49,Badabun,Entertainment,,2007.0,Jul,21.0
50,SonyMusicIndiaVEVO,Music,United States,2009.0,Sep,2.0
51,A4,Gaming,Cuba,2006.0,Mar,11.0
52,Bad Bunny,Music,,2005.0,Nov,15.0
53,Fernanfloo,Gaming,El Salvador,2011.0,May,2.0
54,Voot Kids,Entertainment,India,2016.0,Nov,23.0
55,Felipe Neto,Entertainment,Brazil,2006.0,May,16.0
56,Vocï¿½ï¿½ï¿½,Entertainment,Brazil,2013.0,Sep,1.0
57,HAR PAL GEO,Entertainment,Pakistan,2008.0,Jan,2.0
58,BRIGHT SIDE,Howto & Style,,2005.0,Nov,18.0
59,Katy Perry,Music,United States,2008.0,Jun,1.0
60,whinderssonnunes,Comedy,Brazil,2013.0,Jan,21.0
61,ABS-CBN Entertainment,People & Blogs,Philippines,2008.0,Jul,16.0
62,Alan Walker,Music,Thailand,2006.0,May,12.0
63,HolaSoyGerman.,Entertainment,,2016.0,May,27.0
64,Shakira,People & Blogs,Colombia,2005.0,Oct,16.0
65,ýýýýýýýý ýý ýýýýýýýýýýýýýý,Film & Animation,Russia,2011.0,May,31.0
66,ARY Digital HD,Entertainment,Pakistan,2016.0,Jul,11.0
67,Speed Records,Music,India,2012.0,Nov,22.0
68,Masha and The Bear,Shows,United States,2014.0,Sep,17.0
69,Like Nastya Show,Entertainment,United States,2017.0,Nov,14.0
70,Rihanna,Entertainment,Barbados,2005.0,Nov,6.0
71,Ishtar Music,Trailers,India,2005.0,Sep,22.0
72,Kimberly Loaiza,People & Blogs,Mexico,2016.0,Nov,16.0
73,Little Baby Bum - Nursery Rhymes & Kids Songs,Education,United States,2011.0,Jun,22.0
74,Luisito Comunica,Comedy,Mexico,2010.0,Jun,18.0
75,elrubiusOMG,Gaming,,2011.0,Dec,20.0
76,Toys and Colors,Entertainment,,2018.0,Jun,14.0
77,shfa2 - ï¿½ï¿½,People & Blogs,United Arab Emirates,2017.0,Nov,6.0
78,LUCCAS NETO - LUCCAS TOON,People & Blogs,,2021.0,Mar,25.0
79,CarryMinati,Comedy,India,2014.0,Oct,30.0
80,XXXTENTACION,Music,United States,2015.0,Jun,23.0
81,Super Simple Songs - Kids Songs,Education,Canada,2006.0,Sep,8.0
82,Mikecrack,Gaming,Spain,2015.0,Jul,13.0
83,WorkpointOfficial,Entertainment,Thailand,2012.0,Nov,5.0
84,GR6 EXPLODE,Music,Brazil,2014.0,Aug,5.0
85,TEDx Talks,Nonprofits & Activism,United States,2009.0,Jun,23.0
86,shfa,People & Blogs,Saudi Arabia,2018.0,May,24.0
87,Goldmines Gaane Sune Ansune,Music,India,2015.0,Aug,24.0
88,One Direction,Music,United States,2016.0,Jun,26.0
89,TheEllenShow,Entertainment,United States,2006.0,Nov,21.0
90,Sony PAL,Shows,India,2014.0,May,9.0
91,Daddy Yankee,Music,United States,2011.0,May,16.0
92,Vlad vï¿½ï¿½ï,,United States,2018.0,Jul,20.0
93,Like Nastya ESP,Entertainment,United States,2017.0,Apr,22.0
94,ýýýýýýýýýýýý one31,Entertainment,Thailand,2013.0,Jan,10.0
95,Jkk Entertainment,Comedy,India,2017.0,Mar,20.0
96,ABP NEWS,People & Blogs,India,2012.0,Jun,1.0
97,Maria Clara & JP,People & Blogs,Brazil,2015.0,Sep,6.0
98,Bruno Mars,Music,United States,2006.0,Sep,19.0
99,Maroon 5,Music,United States,2006.0,Mar,9.0
100,Ultra Bollywood,Trailers,India,2009.0,Oct,21.0
101,PowerKids TV,Film & Animation,,2014.0,Aug,6.0
102,YouTube,News & Politics,United States,1970.0,Jan,1.0
103,News,,,2013.0,Sep,9.0
104,Ozuna,Music,,2016.0,Mar,24.0
105,MrBeast Gaming,Gaming,,2011.0,Feb,26.0
106,La Granja de Zenï¿½,Music,Argentina,2013.0,Jun,6.0
107,Saregama Music,Entertainment,India,2013.0,Jan,4.0
108,IndiaTV,News & Politics,India,2006.0,Aug,26.0
109,T-Series Bollywood Classics,Music,India,2012.0,Apr,2.0
110,Total Gaming,Gaming,,2006.0,Jul,15.0
111,Markiplier,Gaming,United States,2012.0,May,26.0
112,Ryan's World,Entertainment,United States,2015.0,Mar,17.0
113,Genevieve's Playhouse - Learning Videos for Kids,Education,United States,2016.0,Jan,6.0
114,T-Series Apna Punjab,Music,,2020.0,Jul,9.0
115,Techno Gamerz,Gaming,,2010.0,May,19.0
116,Geet MP3,Music,India,2016.0,Oct,22.0
117,J Balvin,Music,Colombia,2011.0,Feb,18.0
118,Jess No Limit,Entertainment,Indonesia,2017.0,Sep,7.0
119,Jingle Toons,Film & Animation,India,2013.0,Jan,24.0
120,VEGETTA777,Gaming,Spain,2008.0,Mar,2.0
121,Galinha Pintadinha,Film & Animation,Brazil,2006.0,Aug,30.0
122,SSSniperWolf,Gaming,United States,2013.0,Jan,20.0
123,Desi Music Factory,Music,,2018.0,Apr,10.0
124,Selena Gomez,Film & Animation,United States,2008.0,Feb,8.0
125,Rajshri,Music,India,2006.0,Mar,24.0
126,Ch3Thailand,Entertainment,Thailand,2014.0,May,29.0
127,KHANDESHI MOVIES,Comedy,India,2013.0,Nov,11.0
128,NoCopyrightSounds,Music,United Kingdom,2011.0,Aug,14.0
129,CVS 3D Rhymes & Kids Songs,Education,India,2008.0,Aug,26.0
130,Ricis Official,People & Blogs,Indonesia,2016.0,Jan,15.0
131,BabyBus - Kids Songs and Cartoons,Education,United States,2016.0,Jul,15.0
132,Eros Now Music,Entertainment,India,2012.0,Mar,14.0
133,BETER Bï¿½ï¿½,,Turkey,2012.0,Dec,12.0
134,DisneyMusicVEVO,Music,United States,2010.0,May,20.0
135,The Weeknd,Music,Canada,2011.0,Feb,25.0
136,WowKidz,Film & Animation,,2006.0,Dec,16.0
137,KAROL G,Music,Colombia,2013.0,Mar,14.0
138,Mr Bean,Shows,United Kingdom,2006.0,Jan,4.0
139,rezendeevil,Gaming,Brazil,2012.0,Feb,12.0
140,StarPlus,Entertainment,India,2006.0,May,19.0
141,SMTOWN,Music,,2006.0,Mar,18.0
142,GMA  Network,Entertainment,Philippines,2006.0,Nov,20.0
143,GENIAL,Howto & Style,Mexico,2017.0,Jun,1.0
144,MR. INDIAN HACKER,Science & Technology,India,2012.0,Jun,21.0
145,Worldwide Records Bhojpuri,Music,India,2012.0,Mar,15.0
146,DONA ï¿½ï¿½,Entertainment,United States,2018.0,Apr,5.0
147,Dream,Gaming,United States,2014.0,Feb,8.0
148,Lucas and Marcus,Entertainment,United States,2011.0,Jan,19.0
149,JustinBieberVEVO,Music,United States,2009.0,Sep,26.0
150,Luis Fonsi,Entertainment,,2006.0,Mar,31.0
151,Peppa Pig - Official Channel,Film & Animation,United Kingdom,2013.0,Oct,9.0
152,YOLO AVENTURAS,People & Blogs,Venezuela,2018.0,Dec,16.0
153,The Tonight Show Starring Jimmy Fallon,Comedy,United States,2006.0,Jan,8.0
154,TheDonato,Entertainment,Argentina,2015.0,Feb,17.0
155,ImagineDragons,Music,United States,2009.0,Aug,3.0
156,Diana and Roma ESP,,United States,2016.0,Nov,27.0
157,Round2hell,Comedy,India,2016.0,Oct,20.0
158,Zee News,News & Politics,India,2007.0,Jun,19.0
159,AboFlah,Gaming,Kuwait,2016.0,Jul,28.0
160,AH,Entertainment,Indonesia,2014.0,Jan,26.0
161,Trap Nation,Music,United States,2012.0,Sep,23.0
162,ýýýýýýýýýýýýýýý ýýýýýý ýýýýýýýýýýýýýýýýýý,,United States,2018.0,Nov,3.0
163,Boram Tube Vlog [ï¿½ï¿½ï¿½ï¿½ï¿½ï¿½ï¿½ï¿½ï¿,Entertainment,United States,2012.0,Feb,21.0
164,Adele,Music,United Kingdom,2008.0,Apr,4.0
165,Talking Tom,Comedy,United States,2008.0,Jun,27.0
166,ýýýýýýýý ýýýýýýýý ýýýýýýýýýý | toyoraljanahtv,Entertainment,Jordan,2008.0,Nov,24.0
167,Frost Diamond,Gaming,,2006.0,Aug,10.0
168,Spinnin' Records,Music,Netherlands,2007.0,Jul,12.0
169,Little Angel: Nursery Rhymes & Kids Songs,Education,United States,2015.0,Dec,14.0
170,jacksepticeye,Gaming,,2007.0,Feb,24.0
171,Shawn Mendes,Music,Canada,2011.0,Jan,19.0
172,ashish chanchlani vines,Comedy,India,2009.0,Jul,6.0
173,Ultra Records,Music,United States,2006.0,Oct,24.0
174,Popular on YouTube,,,2017.0,Aug,7.0
175,Maluma,Music,Argentina,2015.0,Oct,31.0
176,Zhong,Entertainment,United States,2015.0,Jan,19.0
177,Enaldinho,Comedy,Brazil,2012.0,Nov,7.0
178,AuronPlay,Comedy,Spain,2006.0,Feb,28.0
179,Shorts Break,Comedy,,2021.0,Jan,28.0
180,infobells - Tamil,Education,India,2014.0,Mar,13.0
181,Aditya Music India,Music,,2010.0,Dec,16.0
182,The Late Late Show with James Corden,Entertainment,United States,2006.0,Nov,21.0
183,Aditya Movies,Movies,India,2012.0,Feb,23.0
184,Masha y el Oso,Film & Animation,,2019.0,Jul,21.0
185,infobells - Telugu,Education,India,2014.0,Mar,13.0
186,HUM TV,Entertainment,Pakistan,2011.0,May,25.0
187,Shemaroo Movies,Entertainment,India,2011.0,Mar,1.0
188,Michael Jackson,Music,United States,2005.0,Jun,22.0
189,Drake,Music,,2005.0,Sep,23.0
190,Goldmines Dishoom,Film & Animation,,2016.0,Nov,26.0
191,Sandeep Maheshwari,People & Blogs,Singapore,2008.0,Jan,2.0
192,Bounce Patrol - Kids Songs,Music,Australia,2013.0,Jan,1.0
193,toycantando,Music,Colombia,2009.0,Jul,7.0
194,MrBeast 2,People & Blogs,United States,2011.0,Jun,23.0
195,Wiz Khalifa,Music,United States,2008.0,May,9.0
196,JYP Entertainment,Music,South Korea,2008.0,Jan,25.0
197,ýýý Kids Roma Show,People & Blogs,United States,2015.0,May,12.0
198,DanTDM,Gaming,United Kingdom,2012.0,Jul,14.0
199,Nick Jr.,Film & Animation,United States,2012.0,Sep,27.0
200,Crazy XYZ,Entertainment,India,2017.0,Sep,10.0
201,ToyPuddingTV,Entertainment,,2017.0,Jun,7.0
202,Dushyant kukreja,Entertainment,India,2015.0,Sep,26.0
203,Gulshan Kalra,Howto & Style,,2018.0,Apr,9.0
204,Brent Rivera,Comedy,United States,2009.0,Aug,1.0
205,Renato Garcia YT,Entertainment,Brazil,2011.0,Sep,29.0
206,Beast Reacts,People & Blogs,United States,2016.0,Apr,24.0
207,enchufetv,Comedy,Colombia,2011.0,Nov,13.0
208,Netflix,Entertainment,United States,2012.0,Jul,17.0
209,Raffy Tulfo in Action,News & Politics,Philippines,2016.0,Apr,20.0
210,WORLDSTARHIPHOP,Music,United States,2008.0,Nov,8.0
211,Goldmines Bollywood,Film & Animation,India,2015.0,Jul,22.0
212,Alan Chikin Chow,Comedy,United States,2020.0,Feb,3.0
213,PANDA BOI,Entertainment,Italy,2020.0,Dec,5.0
214,BB Ki Vines,Entertainment,India,2015.0,Jun,20.0
215,D Billions,,United States,2019.0,Jul,27.0
216,Junya.ï¿½ï¿½ï¿½ï¿½,Entertainment,Japan,2020.0,Sep,14.0
217,Smosh,Comedy,United States,2005.0,Nov,19.0
218,1MILLION Dance Studio,Entertainment,Saudi Arabia,2019.0,Jul,13.0
219,NichLmao,People & Blogs,,2018.0,Sep,25.0
220,Beyoncï¿,Music,United States,2005.0,Nov,7.0
221,Marï¿½ï¿½ï¿½ï¿½ï¿½,Music,,2008.0,Jun,14.0
222,Indosiar,Music,Indonesia,2013.0,Sep,23.0
223,VanossGaming,Gaming,Canada,2011.0,Sep,15.0
224,David Guetta,Music,United States,2009.0,Dec,11.0
225,LosPolinesios,People & Blogs,Mexico,2012.0,Dec,16.0
226,Nicki Minaj,Music,United States,2013.0,Aug,28.0
227,Fede Vigevani,Howto & Style,,2019.0,Aug,1.0
228,TaylorSwiftVEVO,Music,United States,2009.0,May,12.0
229,ZHC,Film & Animation,,2006.0,Jan,24.0
230,Post Malone,Music,United States,2011.0,Dec,15.0
231,Rans Entertainment,People & Blogs,Indonesia,2015.0,Dec,27.0
232,LankyBox,Comedy,United States,2016.0,Jul,30.0
233,Coldplay,Music,United Kingdom,2010.0,Jan,3.0
234,Las Ratitas,People & Blogs,,2019.0,May,31.0
235,WB Kids,People & Blogs,United States,2015.0,Mar,31.0
236,ABPLIVE,People & Blogs,,2014.0,Jul,26.0
237,Chris Brown,Music,,,,
238,The Lallantop,News & Politics,India,2015.0,Mar,23.0
239,RihannaVEVO,Music,United States,2009.0,May,12.0
240,WatchMojo.com,Music,Canada,2007.0,Jan,25.0
241,TRANS7 OFFICIAL,Entertainment,Indonesia,2014.0,Sep,4.0
242,Anuel AA,Music,Colombia,2016.0,Sep,8.0
243,Dan Rhodes,Entertainment,United Kingdom,2015.0,Oct,30.0
244,Yuya,Howto & Style,Mexico,2009.0,Sep,20.0
245,America's Got Talent,Entertainment,United States,2006.0,Jun,29.0
246,mujjuu___14,People & Blogs,,2020.0,May,18.0
247,EminemVEVO,Music,United States,2009.0,May,12.0
248,Chloe Ting,Howto & Style,Australia,2011.0,Aug,17.0
249,KatyPerryVEVO,Music,United States,2009.0,Dec,13.0
250,Mark Rober,Science & Technology,United States,2011.0,Oct,20.0
251,1theK (ï¿½ï¿½ï¿½ï¿½ï,Music,South Korea,2011.0,Jan,31.0
252,Like Nastya AE,Entertainment,United States,2018.0,Dec,19.0
253,Amit Bhadana,Entertainment,,2009.0,Dec,31.0
254,Pen Movies,Film & Animation,India,2014.0,Mar,25.0
255,MrBeast en Espaï¿½ï,Entertainment,Mexico,2021.0,Jul,9.0
256,shfa show India,,United Arab Emirates,2019.0,Apr,1.0
257,Super JoJo - Nursery Rhymes & Kids Songs,,United States,2019.0,May,31.0
258,Alejo Igoa,Comedy,Argentina,2014.0,Jan,17.0
259,Daniel LaBelle,Comedy,,2009.0,Mar,11.0
260,netd mï¿½ï¿,Music,Turkey,2014.0,Jan,23.0
261,DJ Snake,Music,United States,2008.0,Sep,24.0
262,Diana and Roma ARA,,United States,2019.0,Feb,1.0
263,KSI,Entertainment,United Kingdom,2009.0,Jul,25.0
264,Spider Slack,Comedy,Brazil,2020.0,May,18.0
265,Goldmines Movies,Film & Animation,,2018.0,Apr,30.0
266,Preston,Gaming,United States,2012.0,Jul,4.0
267,James Charles,Entertainment,United States,2015.0,Dec,1.0
268,Collins Key,Entertainment,United States,2011.0,Aug,9.0
269,Diana and Roma EN,People & Blogs,United States,2011.0,Dec,22.0
270,Venus Entertainment,Entertainment,,2016.0,May,17.0
271,Troom Troom,Howto & Style,United States,2015.0,Sep,12.0
272,Enrique Iglesias,Music,United States,2007.0,Apr,12.0
273,Ninja,Gaming,United States,2011.0,Nov,11.0
274,FaZe Rug,Gaming,Canada,2012.0,Nov,30.0
275,Mister Max,People & Blogs,United Kingdom,2014.0,Sep,22.0
276,That Little Puff,Pets & Animals,United States,2020.0,Aug,29.0
277,NickyJamTV,Music,,2012.0,Jan,10.0
278,Juan De Dios Pantoja,Entertainment,Mexico,2014.0,Jun,9.0
279,Logan Paul,Entertainment,United States,2015.0,Aug,29.0
280,Maya and Mary,Entertainment,United States,2013.0,Aug,30.0
281,Peppa Pig Espaï¿½ï¿½ï¿½ï¿½ï¿½ï¿½ï¿½ï¿½ï¿½,Film & Animation,United Kingdom,2014.0,Jul,28.0
282,Jelly,Gaming,United Kingdom,2014.0,May,27.0
283,Miss Katy,People & Blogs,United Kingdom,2014.0,Nov,17.0
284,Tilak,Film & Animation,India,2020.0,Oct,10.0
285,Valentina Pontes ofc,Film & Animation,Brazil,2014.0,Apr,14.0
286,Sesame Street,Entertainment,United States,2006.0,Jan,16.0
287,Happy Lives,Science & Technology,United States,2016.0,Mar,15.0
288,Lady Gaga,People & Blogs,United States,2008.0,May,15.0
289,Akshay Nagwadiya,Entertainment,,2017.0,Oct,25.0
290,Wave Music Bhojpuri,Music,India,2014.0,Aug,10.0
291,GMM GRAMMY OFFICIAL,Music,Thailand,2010.0,Nov,8.0
292,TED,People & Blogs,United States,2006.0,Dec,6.0
293,unknown boy varun,Music,India,2016.0,Sep,27.0
294,Kids TV - Nursery Rhymes And Baby Songs,Shows,United States,2013.0,Aug,30.0
295,Tsuriki Show,Entertainment,Germany,2019.0,Jul,10.0
296,Technical Guruji,Science & Technology,India,2015.0,Oct,19.0
297,DrossRotzank,Entertainment,Argentina,2006.0,Mar,9.0
298,White Hill Music,Entertainment,India,2014.0,Mar,23.0
299,Ultra Movie Parlour,Movies,India,2011.0,May,17.0
300,Alan Becker,Film & Animation,United States,2006.0,Mar,21.0
301,toyorbabytv,Music,Jordan,2012.0,Nov,1.0
302,BabyBus - Canciones Infantiles & Videos para Niï¿½ï,Education,Mexico,2018.0,Mar,19.0
303,KL BRO Biju Rithvik,Entertainment,,2020.0,Jul,21.0
304,Vania Mania Kids,People & Blogs,United States,2015.0,Sep,9.0
305,Like Nastya PRT,Entertainment,,2019.0,Apr,9.0
306,Sun TV,People & Blogs,India,2016.0,Feb,26.0
307,Heroindori,Comedy,India,2020.0,Jun,29.0
308,The Chainsmokers,Music,United States,2012.0,Sep,22.0
309,mmoshaya,People & Blogs,Saudi Arabia,2010.0,Dec,11.0
310,Sia,Music,United States,2007.0,Nov,19.0
311,LeoNata Family,People & Blogs,United States,2021.0,Sep,28.0
312,Goldmines Cineplex,Film & Animation,India,2015.0,Sep,12.0
313,Vlad and Niki Arabic,,United States,2018.0,Nov,9.0
314,SSundee,Gaming,United States,2009.0,Nov,28.0
315,Paulo Londra,Music,Argentina,2016.0,Aug,8.0
316,Smile Family,People & Blogs,France,2019.0,Nov,3.0
317,FGTeeV,Gaming,United States,2013.0,May,24.0
318,Kinder Spielzeug Kanal (Kidibli),Entertainment,United States,2015.0,Sep,25.0
319,Charlie Puth,Music,United States,2009.0,Sep,9.0
320,Vlad and Niki ESP,,United States,2018.0,Oct,11.0
321,Sagawa /ï¿½ï¿½ï¿½,Entertainment,Japan,2021.0,Feb,13.0
322,Ben Azelart,Film & Animation,United States,2014.0,Jun,5.0
323,Zach Choi ASMR,People & Blogs,United States,2014.0,Jul,5.0
324,Topper Guild,Comedy,United States,2014.0,Jul,9.0
325,Disney Latinoamï¿½ï¿½,Entertainment,Mexico,2008.0,Apr,7.0
326,Stokes Twins,People & Blogs,United States,2008.0,Apr,11.0
327,National Geographic,Science & Technology,United States,2006.0,May,7.0
328,Dua Lipa,Music,United Kingdom,2011.0,Feb,5.0
329,OneDirectionVEVO,Music,United Kingdom,2010.0,Dec,4.0
330,Rotana,Music,,2011.0,Oct,27.0
331,Netflix India,People & Blogs,,2017.0,Sep,24.0
332,Sourav Joshi Vlogs,People & Blogs,,2019.0,Feb,19.0
333,ZAMZAM ELECTRONICS TRADING,,United Arab Emirates,2020.0,Dec,19.0
334,DUDU e CAROL,Autos & Vehicles,Brazil,2013.0,Mar,2.0
335,Village Cooking Channel,Howto & Style,India,2018.0,Apr,25.0
336,Eva Bravo Play,Entertainment,United States,2019.0,May,7.0
337,Tekashi 6ix9ine,People & Blogs,United States,2018.0,Apr,6.0
338,Tlnovelas,News & Politics,Mexico,2014.0,Jan,2.0
339,SMOL,People & Blogs,,2006.0,Apr,2.0
340,invictor,Gaming,Chile,2016.0,Jul,26.0
341,YOLO,Comedy,Germany,2013.0,Jun,11.0
342,Sidhu Moose Wala,Music,India,2017.0,Oct,30.0
343,The Royalty Family,People & Blogs,United States,2017.0,Apr,13.0
344,Becky G,Music,United States,2011.0,Sep,6.0
345,Ishaan Ali 11,People & Blogs,India,2016.0,Jul,27.0
346,Infinite,Entertainment,United States,2014.0,Aug,21.0
347,Azhan5star,Entertainment,India,2021.0,Feb,2.0
348,Dangal TV Channel,Entertainment,India,2017.0,Aug,2.0
349,Khan GS Research Centre,Education,,2017.0,Jan,5.0
350,GMA Public  Affairs,Entertainment,Philippines,2009.0,Aug,8.0
351,Tasty,Howto & Style,United States,2016.0,Jan,22.0
352,Baim Paula,People & Blogs,Indonesia,2016.0,Jun,4.0
353,nigahiga,Entertainment,United States,2006.0,Jul,21.0
354,Rafa & Luiz,Entertainment,Brazil,2015.0,Aug,26.0
355,Lyrical Lemonade,Entertainment,United States,2013.0,Mar,25.0
356,Vlad and Niki IDN,,United States,2018.0,Nov,9.0
357,Dr. Vivek Bindra: Motivational Speaker,Education,India,2013.0,Dec,6.0
358,Fatos Desconhecidos,Entertainment,Brazil,2013.0,Sep,26.0
359,Brave Wilderness,Pets & Animals,United States,2014.0,Sep,8.0
360,LIV Crime,People & Blogs,United States,2020.0,Aug,18.0
361,Minecraft - Topic,,,2013.0,Dec,20.0
362,Romeo Santos,Music,United States,2006.0,Jul,31.0
363,Canal Canalha,Comedy,Brazil,2011.0,Apr,8.0
364,Kurzgesagt ï¿½ï¿½ï¿½ï¿½ï¿½ï¿,Education,Germany,2013.0,Jul,9.0
365,Yoeslan,Entertainment,United States,2020.0,Sep,26.0
366,5-Minute Crafts DIY,Howto & Style,United States,2018.0,Jan,18.0
367,Zach King,Entertainment,,2013.0,Jun,5.0
368,tuzelity SHUFFLE,People & Blogs,Russia,2015.0,Oct,26.0
369,NBA,Sports,United States,2005.0,Nov,21.0
370,Deddy Corbuzier,Entertainment,Indonesia,2007.0,Jul,23.0
371,Bizarrap,Comedy,Argentina,2017.0,Jan,15.0
372,Avicii,Music,Sweden,2009.0,Oct,28.0
373,Mnet K-POP,Entertainment,South Korea,2006.0,Mar,9.0
374,LazarBeam,Gaming,Australia,2015.0,Jan,4.0
375,Ninja Kidz TV,Entertainment,United States,2017.0,Feb,9.0
376,Totoy kids - Portuguï¿½,Film & Animation,Brazil,2014.0,Dec,2.0
377,Jake Paul,People & Blogs,United States,2013.0,Sep,19.0
378,Linkin Park,Music,Afghanistan,2006.0,Nov,28.0
379,Vijay Television,Entertainment,India,2007.0,Feb,1.0
380,SlivkiShow,Entertainment,Ukraine,2012.0,Dec,11.0
381,Emiway Bantai,Music,India,2013.0,May,3.0
382,Got Talent Global,Entertainment,United Kingdom,2013.0,Jan,31.0
383,ýýýýýýýýýýýýýýý - Genevieve's Playhouse,Education,,2018.0,Jul,22.0
384,BabyBus - Cerita & Lagu Anak-anak,Education,Indonesia,2019.0,Jan,14.0
385,Ami Rodriguez,Entertainment,Colombia,2009.0,Jul,20.0
386,Noor Stars,Comedy,United Arab Emirates,2014.0,Apr,24.0
387,Family GamesTV,Entertainment,,2012.0,Dec,29.0
388,Kiddiestv Hindi - Nursery Rhymes & Kids Songs,Education,India,2017.0,May,25.0
389,dednahype,Comedy,Latvia,2020.0,Mar,20.0
390,Marta and Rustam,Comedy,United States,2021.0,Jun,21.0
391,MiawAug,Gaming,Indonesia,2014.0,Mar,15.0
392,CookieSwirlC,Entertainment,United States,2013.0,Nov,3.0
393,Skrillex,Music,United States,2010.0,Apr,6.0
394,AuthenticGames,Gaming,Brazil,2011.0,Oct,7.0
395,Robin Hood Gamer,Entertainment,,2013.0,Mar,16.0
396,Pencilmation,Film & Animation,United States,2007.0,Feb,1.0
397,7clouds,Music,United States,2013.0,May,25.0
398,5-Minute Crafts PLAY,Howto & Style,United States,2017.0,Oct,30.0
399,Marvel Entertainment,Entertainment,United States,2011.0,May,10.0
400,BuzzFeedVideo,People & Blogs,United States,2011.0,Aug,10.0
401,REACT,Entertainment,United States,2007.0,Jun,4.0
402,Vevo,Music,United States,2006.0,Apr,14.0
403,Gordon Ramsay,Entertainment,United Kingdom,2006.0,Apr,29.0
404,Pentatonix,Music,Canada,2006.0,Mar,9.0
405,Green Gold TV - Official Channel,Film & Animation,India,2011.0,Jul,1.0
406,Gusttavo Lima Oficial,Music,Brazil,2010.0,Nov,9.0
407,HaerteTest,Science & Technology,Germany,2011.0,Sep,6.0
408,Crafty Panda,People & Blogs,United States,2017.0,Dec,3.0
409,SOMOY TV,News & Politics,United States,2013.0,Nov,16.0
410,JennaMarbles,Comedy,United States,2010.0,Feb,16.0
411,Troom Troom Es,People & Blogs,,2016.0,Feb,5.0
412,Official Pink Panther,Film & Animation,United States,2011.0,Oct,6.0
413,Britain's Got Talent,Entertainment,United Kingdom,2008.0,Apr,12.0
414,SCTV,Entertainment,United Kingdom,2006.0,Mar,25.0
415,AS Gaming,Gaming,United States,2009.0,Mar,5.0
416,Sony AATH,Shows,United States,2013.0,Nov,13.0
417,tabii Urdu,Entertainment,Turkey,2020.0,Apr,17.0
418,DaFuq!?Boom!,Film & Animation,United States,2016.0,Jun,6.0
419,Clash of Clans,Gaming,United States,2013.0,Jan,31.0
420,RKD Studios,Entertainment,India,2014.0,Mar,14.0
421,DLS News,News & Politics,India,2017.0,Jul,5.0
422,JukiLop,People & Blogs,Mexico,2017.0,Sep,15.0
423,etvteluguindia,Entertainment,India,2010.0,Mar,15.0
424,FIFA,Sports,Switzerland,2006.0,Sep,6.0
425,Manoj  parihar,,India,2021.0,Mar,2.0
426,Vsauce,Science & Technology,,2007.0,Jul,30.0
427,Unbox Therapy,Science & Technology,,2010.0,Dec,21.0
428,shane,People & Blogs,United States,2005.0,Sep,22.0
429,Sonotek,Entertainment,India,2011.0,Jan,11.0
430,Jimmy Kimmel Live,Entertainment,United States,2006.0,Sep,20.0
431,TheOdd1sOut,Comedy,United States,2014.0,Aug,30.0
432,Goldmines Great Indian Comedy,Film & Animation,,2016.0,Aug,29.0
433,Lil Nas X,Music,,2018.0,May,19.0
434,ýýýýýýýýýýýýýý ýýýý,Education,United States,2018.0,Feb,20.0
435,SUPER SLICK SLIME SAM,Howto & Style,Mexico,2018.0,Jan,23.0
436,Wow Kidz Action,Film & Animation,India,2017.0,Nov,8.0
437,Turma da Mï¿½ï¿½,Film & Animation,Brazil,2012.0,Jul,30.0
438,Calvin Harris,Music,United Kingdom,2007.0,Feb,11.0
439,KBS WORLD TV,Entertainment,South Korea,2007.0,Jan,6.0
440,HiMan,People & Blogs,Russia,2014.0,Oct,16.0
441,Masha e o Urso,Shows,,2014.0,Feb,20.0
442,Little Angel Espaï¿½ï¿½ï¿½ï¿½ï¿½ï¿½ï¿½ï¿½ï¿½,Education,Mexico,2018.0,Jan,26.0
443,TED-Ed,Education,United States,2011.0,Mar,1.0
444,Sidemen,Entertainment,United Kingdom,2015.0,Jun,14.0
445,Cardi B,People & Blogs,,2017.0,Aug,15.0
446,Busy Fun Ltd,,,2021.0,Dec,21.0
447,Farruko,Music,United States,2009.0,Oct,30.0
448,ýýýýýýýýýýýýýýýýýýýýýý,Entertainment,Ukraine,2014.0,Oct,20.0
449,Triggered Insaan,Comedy,India,2014.0,Jul,17.0
450,CKN,Entertainment,Spain,2005.0,Sep,26.0
451,Ali-A,Gaming,,2016.0,Jul,7.0
452,Shemaroo Comedy,Entertainment,India,2007.0,Jan,31.0
453,Smile Family Spanish,,United States,2019.0,Jun,19.0
454,GRAMMY GOLD OFFICIAL,Music,Thailand,2014.0,Jan,15.0
455,ýýýýýýýý ýýýýýýýýýý ýýýýýýýýýý | Arab Games Network,Gaming,Saudi Arabia,2013.0,Nov,29.0
456,Dan-Sa / Daniel Saboya,Music,Brazil,2007.0,Sep,22.0
457,Marmok,Gaming,Russia,2008.0,Apr,27.0
458,The ACE Family,People & Blogs,,2016.0,Jan,10.0
459,Like Nastya Vlog,People & Blogs,Russia,2016.0,Jan,14.0
460,Willie Salim,People & Blogs,Indonesia,2014.0,Jan,6.0
461,PDK Films,Entertainment,United States,2009.0,Jul,21.0
462,TheWillyrex,Comedy,Spain,2011.0,Jan,26.0
463,RsiamMusic : ï¿½ï¿½ï¿½ï¿½ï¿½ï¿½ï¿½ï¿½,Music,Thailand,2011.0,Mar,8.0
464,Dhar Mann,People & Blogs,,2007.0,Apr,25.0
465,shakiraVEVO,Music,United States,2009.0,Sep,2.0
466,Naisa Alifia Yuriza (N.A.Y),People & Blogs,Indonesia,2017.0,Jul,8.0
467,Miley Cyrus,Entertainment,United States,2009.0,Sep,15.0
468,IShowSpeed,Gaming,United States,2016.0,Mar,21.0
469,Good Mythical Morning,Entertainment,,,,
470,Bobby chourasiya,People & Blogs,,2019.0,Jan,25.0
471,INCRï¿½ï¿,People & Blogs,Brazil,2017.0,Jun,20.0
472,Jake Fellman,Entertainment,United States,2012.0,Oct,13.0
473,GEN HALILINTAR,Entertainment,Indonesia,2015.0,Mar,4.0
474,SQUEEZIE,Gaming,France,2011.0,Jan,9.0
475,Blippi - Educational Videos for Kids,Education,United States,2014.0,Jan,27.0
476,officialpsy,Music,South Korea,2010.0,Oct,4.0
477,Ajay Sharma,Entertainment,,2009.0,Oct,24.0
478,Manual do Mundo,Howto & Style,Brazil,2006.0,Jul,24.0
479,How Ridiculous,Sports,Australia,2009.0,Sep,9.0
480,And TV,Entertainment,United States,2006.0,Aug,4.0
481,Sebastiï¿½ï¿½ï¿½,News & Politics,United States,2013.0,Mar,30.0
482,SonyMusicSouthVEVO,Music,United States,2014.0,Jul,14.0
483,TheGrefg,Gaming,Spain,2012.0,Jan,30.0
484,BeatboxJCOP,Film & Animation,,2011.0,Mar,12.0
485,David Dobrik,People & Blogs,United States,2014.0,Dec,19.0
486,KatieAngel,People & Blogs,United States,2015.0,May,19.0
487,RobleisIUTU,Entertainment,Argentina,2013.0,Apr,15.0
488,Lele Pons,Comedy,United States,2015.0,Sep,19.0
489,Demi Lovato,Music,United States,2008.0,Jan,30.0
490,Like Nastya VNM,Entertainment,Vietnam,2019.0,Nov,22.0
491,Jason Derulo,Music,United States,2008.0,Jul,21.0
492,MGC Playhouse,Shows,United States,2009.0,Feb,3.0
493,Zuni and Family,People & Blogs,,2020.0,Jul,15.0
494,Priyal Kukreja,People & Blogs,India,2021.0,Apr,23.0
495,MSA previously My Story Animated,Film & Animation,United States,2021.0,Nov,9.0
496,ýýýýýýýýý KIMPRO,,South Korea,2017.0,Nov,11.0
497,Jane ASMR ï¿½ï¿½,,South Korea,2012.0,Nov,17.0
498,ArianaGrandeVevo,Music,United States,2010.0,Oct,21.0
499,jaanvi patel,People & Blogs,India,2018.0,Jul,18.0
500,tanboy kun,People & Blogs,Indonesia,2016.0,Oct,27.0
501,Lil Pump,Music,,2015.0,Oct,15.0
502,Porta dos Fundos,Entertainment,Brazil,2012.0,Mar,12.0
503,News 24,News & Politics,Ukraine,2006.0,Feb,5.0
504,Les' Copaque Production,Film & Animation,Malaysia,2009.0,Nov,9.0
505,El Payaso Plim Plim,Film & Animation,Argentina,2013.0,Oct,18.0
506,zbing z.,Gaming,Thailand,2014.0,Mar,12.0
507,MissaSinfonia,Comedy,Mexico,2011.0,Jan,5.0
508,ýýýýýýýýý Liziqi,Howto & Style,China,2017.0,Aug,22.0
509,The Game Theorists,Gaming,Australia,,,
510,DeGoBooM,Gaming,Chile,2014.0,Feb,1.0
511,JFlaMusic,Music,South Korea,2011.0,Aug,22.0
512,FactTechz,Entertainment,India,2016.0,Jul,24.0
513,News18 India,News & Politics,India,2007.0,Oct,25.0
514,Fun For Kids TV - Hindi Rhymes,Entertainment,India,2017.0,Sep,27.0
515,IGN,Gaming,United States,2006.0,Sep,19.0
516,Aphmau,Gaming,United States,2012.0,Aug,13.0
517,AMARINTV : ï¿½ï¿½ï¿½ï¿½ï¿½ï¿½ï¿½ï¿½ï¿½ï¿½ï¿½ï¿½,Entertainment,Thailand,2014.0,Feb,5.0
518,ýýýýýýýýýýýýýýýý - Al-Remas,Music,Iraq,2013.0,Sep,27.0
519,Koray Zeynep,People & Blogs,,2016.0,Jul,8.0
520,Apple,Science & Technology,United States,2005.0,Jun,22.0
521,Stubborn Facts,Film & Animation,India,2016.0,Sep,5.0
522,Taarak Mehta Ka Ooltah Chashmah,Entertainment,India,2014.0,Aug,4.0
523,HowToBasic,Howto & Style,Australia,2011.0,Dec,8.0
524,PopularMMOs,Gaming,,2012.0,Apr,17.0
525,Marques Brownlee,Science & Technology,United States,2008.0,Mar,21.0
526,Anitta,Music,Brazil,2011.0,Nov,2.0
527,Jason Vlogs,Education,Australia,2014.0,Sep,11.0
528,El Reino a Jugar,Education,Argentina,2015.0,Mar,3.0
529,Willyrex,Gaming,Spain,2009.0,Aug,9.0
530,TheBrianMaps,Comedy,Russia,2012.0,Jun,4.0
531,TRANS TV Official,Entertainment,Indonesia,2014.0,Sep,2.0
532,Liza Koshy,Comedy,United States,2013.0,Sep,2.0
533,Queen Official,Music,United Kingdom,2008.0,Jul,7.0
534,Prajapati News,Comedy,India,2013.0,Mar,14.0
535,Gaby and Alex,Entertainment,,2008.0,Aug,21.0
536,LuisFonsiVEVO,Music,United States,2009.0,May,12.0
537,Pop Chartbusters,Music,India,2011.0,Aug,26.0
538,Guava Juice,Gaming,United States,2006.0,Jul,18.0
539,EeOneGuy,Entertainment,United States,2013.0,Mar,19.0
540,VICE,Entertainment,United States,2005.0,Dec,16.0
541,Aayu and Pihu Show,Comedy,India,2017.0,May,8.0
542,Danny Fitt,People & Blogs,United States,2016.0,Dec,31.0
543,Bispo Bruno Leonardo,Nonprofits & Activism,Brazil,2016.0,Apr,10.0
544,DeToxoMoroxo,Entertainment,,2016.0,Apr,30.0
545,Doggy Doggy Cartoons,Entertainment,,2018.0,Nov,11.0
546,deepesh zo,People & Blogs,,2021.0,Sep,24.0
547,Like Nastya IDN,Entertainment,Indonesia,2019.0,Nov,22.0
548,Gato Galactico | GALï¿½ï¿,Film & Animation,Brazil,2013.0,Apr,2.0
549,Salman Noman,Entertainment,,2022.0,May,14.0
550,CoryxKenshin,Gaming,United States,2009.0,Apr,27.0
551,With Kids[ï¿½ï¿½ï¿½ï¿½ï,Entertainment,United States,2012.0,Jul,6.0
552,Travis Scott,Music,United States,2010.0,Sep,1.0
553,Tu COSMOPOLIS,People & Blogs,Mexico,2014.0,Aug,28.0
554,Ivana Alawi,,Philippines,2018.0,Jun,1.0
555,Werever2morro,Entertainment,Mexico,2010.0,Dec,7.0
556,IDEAS EN 5 MINUTOS,Howto & Style,Spain,2017.0,Apr,2.0
557,NMF News,News & Politics,India,2013.0,Oct,22.0
558,SriBalajiMovies,Entertainment,India,2011.0,Sep,29.0
559,Lahari Music - TSeries,Music,India,2011.0,Nov,21.0
560,Younes Zarou,Entertainment,Germany,2021.0,May,6.0
561,Jordan Matter,Entertainment,United States,2006.0,Dec,21.0
562,ýýýýýýýý ýýýýýýýýýýýýýýýýýýýýýý,Entertainment,United States,2014.0,Mar,9.0
563,FailArmy,Comedy,United States,2011.0,Jul,5.0
564,BBC News Hindi,News & Politics,India,2009.0,Sep,22.0
565,FunFun Toy Doll TV,Entertainment,United States,2016.0,May,31.0
566,Sandra Cires Art,Howto & Style,United States,2011.0,Sep,27.0
567,Kaykai Salaider,Comedy,Thailand,2011.0,Jan,24.0
568,UFC - Ultimate Fighting Championship,Sports,United States,2006.0,Mar,4.0
569,Ch7HD,Entertainment,Thailand,2010.0,May,17.0
570,RCTI - LAYAR DRAMA INDONESIA,Entertainment,,2020.0,Oct,19.0
571,Alfredo Larin,Entertainment,,2015.0,Nov,23.0
572,GMMTV OFFICIALï¿½ï¿½,Entertainment,Thailand,2010.0,Sep,13.0
573,Matt Stonie,Entertainment,United States,2010.0,Jun,19.0
574,Boyce Avenue,Music,United States,2007.0,Sep,2.0
575,Camila Cabello,Music,United States,2015.0,Aug,11.0
576,Little Mix,Music,United Kingdom,2011.0,Nov,30.0
577,SAM SMITH,Music,United Kingdom,2012.0,Sep,14.0
578,Pitbull,Music,United States,2006.0,Jul,5.0
579,Bollywood Classics,Entertainment,India,2011.0,Oct,13.0
580,Technoblade,Gaming,United States,2013.0,Oct,28.0
581,W2S,Gaming,United Kingdom,2012.0,Jul,26.0
582,Jennifer Lopez,Music,United States,2005.0,Nov,18.0
583,Kids Play,Entertainment,United States,2018.0,May,14.0
584,T3ddy,Comedy,Brazil,2012.0,Jan,16.0
585,JJ Olatunji,Gaming,United Kingdom,2011.0,Jan,26.0
586,POPS Kids,Music,Vietnam,2014.0,Jan,14.0
587,Thairath Online,News & Politics,Thailand,2010.0,Sep,27.0
588,LEGO,Entertainment,Singapore,2005.0,Oct,22.0
589,XO TEAM,People & Blogs,United States,2020.0,Sep,12.0
590,AdMe,Entertainment,Spain,2006.0,May,2.0
591,ExtraPolinesios,People & Blogs,,2015.0,Nov,21.0
592,Dyland PROS,Entertainment,Indonesia,2015.0,Jan,28.0
593,Live,,,2015.0,Jan,13.0
594,Vlad and Niki ARA,,United States,2019.0,May,24.0
595,Canal IN,People & Blogs,Brazil,2017.0,Jul,21.0
596,TWICE,Music,,2016.0,Mar,27.0
597,Daily Dose Of Internet,Entertainment,United States,2015.0,Jul,15.0
598,FitDance,Music,France,2006.0,Nov,20.0
599,Panda Shorts,,Sweden,2020.0,Nov,21.0
600,Disney Junior,Entertainment,United States,2008.0,Apr,22.0
601,La Rosa de Guadalupe,Entertainment,Mexico,2008.0,Sep,3.0
602,sagar kalra (Shorts),People & Blogs,,2017.0,Jun,30.0
603,wifistudy,Education,India,2014.0,Jul,26.0
604,Antrax,Gaming,Mexico,2015.0,May,25.0
605,Enes Batur,Gaming,,2007.0,Mar,4.0
606,Totoy kids - Espaï¿½ï,Film & Animation,Mexico,2017.0,Sep,7.0
607,ýýýýýýýýýý,People & Blogs,Russia,2017.0,May,27.0
608,DopeLyrics,Music,United States,2016.0,Jun,9.0
609,jeffreestar,Howto & Style,United States,2006.0,Feb,14.0
610,Lyna,Gaming,Argentina,2014.0,Sep,8.0
611,MK MUSIC,Music,Brazil,2010.0,Jan,18.0
612,Unspeakable,Gaming,United States,2016.0,May,1.0
613,Camilo,Music,Colombia,2010.0,Jul,29.0
614,Dear Sir,Education,India,2016.0,Dec,13.0
615,Narendra Modi,News & Politics,India,2007.0,Oct,26.0
616,Arif muhammad,People & Blogs,Indonesia,2017.0,Jan,18.0
617,Rotten Tomatoes Trailers,Film & Animation,United States,2011.0,Apr,1.0
618,Volga Video,Film & Animation,India,2012.0,Mar,23.0
619,DM - Desi Melodies,Music,India,2017.0,Jul,8.0
620,MY FAMILY,,Singapore,2019.0,Dec,3.0
621,Team Films Bhojpuri,Music,India,2014.0,Jul,18.0
622,Zee Music Classic,Music,India,2014.0,May,20.0
623,Prime Video India,Entertainment,United States,2016.0,Oct,3.0
624,Caeli YT,Entertainment,Mexico,2010.0,Sep,22.0
625,Kuplinov ï¿½ï¿½ï¿,Gaming,,2012.0,Dec,23.0
626,Linus Tech Tips,Science & Technology,Canada,2008.0,Nov,25.0
627,Juliana Baltar,Entertainment,Brazil,2010.0,May,9.0
628,5-Minute Crafts FAMILY,People & Blogs,United States,2018.0,Dec,13.0
629,Blippi Espaï¿½ï,People & Blogs,Mexico,2017.0,Jan,13.0
630,Super Senya,Entertainment,,2017.0,Jul,27.0
631,Katakit Baby TV,Music,Saudi Arabia,2010.0,Jul,26.0
632,Infobells Bangla,Education,India,2016.0,Jun,13.0
633,ýýýýýýýý ýý ýýýýýýýý,Shows,Saudi Arabia,2017.0,May,16.0
634,Henrique e Juliano,Music,Brazil,2009.0,Jun,27.0
635,Mr DegrEE,Science & Technology,United States,2016.0,Mar,2.0
636,Kashvi Adlakha,Entertainment,India,2017.0,Apr,9.0
637,Talking Tom & Friends,Entertainment,United States,2010.0,Oct,14.0
638,ýýýýýýýý ýýýýýýýýýýýýýý ýýýý 5 ýýýýýýýýýý,Howto & Style,Egypt,2017.0,Dec,8.0
639,Harsh Beniwal,Comedy,India,2015.0,May,6.0
640,FFUNTV,Gaming,United Arab Emirates,2018.0,Jul,18.0
641,Mobile Legends: Bang Bang,Gaming,United States,2016.0,Jul,14.0
642,Roman Atwood Vlogs,People & Blogs,United States,2013.0,Aug,12.0
643,Mrwhosetheboss,Science & Technology,United Kingdom,2011.0,Apr,20.0
644,Genierock,Music,Thailand,2008.0,Mar,9.0
645,zayn,Music,United States,2016.0,Jan,26.0
646,Kerajinan 5-Menit,People & Blogs,Indonesia,2018.0,Nov,21.0
647,FC Barcelona,Sports,Spain,2006.0,Feb,6.0
648,Dave and Ava - Nursery Rhymes and Baby Songs,Education,United States,2014.0,Dec,4.0
649,LOKESH GAMER,Gaming,India,2017.0,Nov,16.0
650,ILYA BORZOV,People & Blogs,Russia,2021.0,Apr,1.0
651,Mazhavil Manorama,Entertainment,India,2011.0,Oct,31.0
652,Pokï¿½ï¿½ï¿½ï¿½ï¿½ï¿½ï¿½ï¿½ï¿½,People & Blogs,India,2017.0,Oct,15.0
653,The MriDul,Comedy,India,2015.0,Mar,14.0
654,Niana Guerrero,Entertainment,Philippines,2013.0,Apr,11.0
655,SRK MUSIC,Music,India,2012.0,Mar,16.0
656,Sony LIV,Entertainment,India,2014.0,May,2.0
657,T-Series Hamaar Bhojpuri,Entertainment,India,2011.0,Nov,1.0
658,Oyuncak Avï¿,Entertainment,Turkey,2014.0,Dec,29.0
659,CNN,News & Politics,United States,2005.0,Oct,2.0
660,NDTV India,News & Politics,India,2008.0,Jan,19.0
661,It's Mamix,People & Blogs,United States,2017.0,Feb,1.0
662,Kim Loaiza,Music,,2019.0,Jan,18.0
663,Daftar Populer,Education,Indonesia,2017.0,Jan,16.0
664,Musas,Howto & Style,Andorra,2006.0,Mar,12.0
665,Ranz Kyle,People & Blogs,Philippines,2008.0,Apr,27.0
666,PowerfulJRE,People & Blogs,United States,2013.0,Jan,12.0
667,Mariale,Howto & Style,United States,2010.0,Jan,6.0
668,Makiman131,Gaming,Spain,2013.0,Feb,12.0
669,Hongyu ASMR ï¿½ï¿½,People & Blogs,,2021.0,Mar,16.0
670,Mohamed Ramadan I ï¿½ï¿½ï¿½ï¿½ï¿½ï¿½ï,People & Blogs,Egypt,2014.0,Oct,31.0
671,EdisonPts,Gaming,Russia,2013.0,Jun,24.0
672,BIGBANG,Music,South Korea,2005.0,Oct,10.0
673,Rubï¿½ï¿½ï¿½ï¿½ï¿½ï¿½,Comedy,Argentina,2016.0,Aug,2.0
674,ABS-CBN News,News & Politics,Philippines,2009.0,Oct,22.0
675,Chapitosiki,Entertainment,Russia,2020.0,Jan,24.0
676,AdeleVEVO,Music,United Kingdom,2009.0,Oct,15.0
677,MoreAliA,Gaming,United Kingdom,2013.0,May,6.0
678,Chetan Monga Vlogs,People & Blogs,India,2014.0,Aug,17.0
679,Little Angel - Mï¿½ï¿½ï¿½ï¿½ï¿½ï¿½ï¿½ï¿½ï¿½ï¿½,Entertainment,Brazil,2018.0,Jan,26.0
680,League of Legends,Gaming,United States,2009.0,Feb,9.0
681,TheRichest,Education,United States,2006.0,May,25.0
682,XpressTV,Entertainment,Mexico,2014.0,Nov,17.0
683,PlayStation,Gaming,United States,2005.0,Dec,16.0
684,Kwebbelkop,Gaming,United States,2008.0,Apr,2.0
685,Republic Bharat,News & Politics,India,2018.0,Aug,16.0
686,THE BROWN SIBLINGS,Entertainment,India,2016.0,Oct,9.0
687,Sony Music South,Music,India,2014.0,Aug,6.0
688,BigSchool,Gaming,,2020.0,Dec,2.0
689,Ray William Johnson,Entertainment,United States,2008.0,May,26.0
690,KOMPASTV,News & Politics,Indonesia,2013.0,Aug,23.0
691,ISSEI / ï¿½ï¿½ï¿½ï¿½,Comedy,Japan,2014.0,Jul,23.0
692,Zï¿½ï¿½ï¿½ï¿½ï¿½ï¿½ï,Music,Brazil,2012.0,Apr,3.0
693,A2 Motivation by Arvind Arora,Entertainment,India,2017.0,Apr,7.0
694,50 Cent,Music,United States,2007.0,Feb,8.0
695,MNCTV OFFICIAL,Entertainment,Indonesia,2012.0,Nov,29.0
696,ERB,Entertainment,United States,2006.0,Feb,8.0
697,melanie martinez,Music,United States,2007.0,Nov,3.0
698,iTownGamePlay *Terror&Diversiï¿½ï,Entertainment,Spain,2012.0,Feb,15.0
699,ýýýýýýýýýýýý8 : Thai Ch8,Entertainment,Thailand,2011.0,Oct,17.0
700,ZutiGang,People & Blogs,,2021.0,Mar,5.0
701,ýýýýýý,People & Blogs,Russia,2008.0,Aug,11.0
702,TazerCraft,Gaming,Brazil,2011.0,Jul,13.0
703,Bayashi TV,Entertainment,Japan,2012.0,Nov,19.0
704,Fueled By Ramen,Music,United States,2006.0,Jun,9.0
705,CrashCourse,Education,United States,2006.0,May,20.0
706,MattyBRaps,Music,United States,2010.0,May,31.0
707,Lachlan,Gaming,Australia,2013.0,Mar,19.0
708,ýýýýýýýý ýýýýýýýý,Howto & Style,Ukraine,2015.0,Oct,12.0
709,Meghan Trainor,People & Blogs,United States,2008.0,Jun,4.0
710,Jorge & Mateus Oficial,Music,Brazil,2008.0,Jul,29.0
711,Major Lazer Official,Music,,2013.0,Jun,14.0
712,Beast Philanthropy,People & Blogs,Germany,2015.0,Jan,31.0
713,Filaretiki,,United States,2021.0,Mar,24.0
714,5-Minute Crafts Recycle,People & Blogs,United States,2019.0,Jun,7.0
715,ýýýýýýýýýý ýýýýýýýýýýýý,Entertainment,Saudi Arabia,2016.0,May,27.0
716,Maha Fun Tv,Entertainment,United States,2017.0,Sep,5.0
717,Canal Nostalgia,Entertainment,Spain,2010.0,Feb,19.0
718,The Slow Mo Guys,Entertainment,United States,2010.0,Aug,15.0
719,StudyIQ IAS,Education,India,2015.0,Jun,22.0
720,Chad Wild Clay,Comedy,United States,2006.0,Mar,26.0
721,CollegeHumor,Comedy,United States,2006.0,Oct,9.0
722,Netflix Jr.,Education,United States,2012.0,Jan,28.0
723,Colors Rishtey,Entertainment,India,2013.0,Nov,28.0
724,ABC News,News & Politics,United States,2006.0,Aug,7.0
725,Camila Loures,Music,Brazil,2014.0,May,27.0
726,Doc Tops,Entertainment,Ecuador,2014.0,Dec,29.0
727,Auron,People & Blogs,Spain,2013.0,Dec,12.0
728,Jesser,Gaming,United States,2012.0,Jul,9.0
729,Planeta das Gï¿½ï¿½,People & Blogs,Brazil,2015.0,Nov,21.0
730,PrestonPlayz,Gaming,United States,2012.0,Jul,4.0
731,Martin Garrix,Music,United States,2011.0,Jan,15.0
732,O Reino Infantil,Music,Brazil,2014.0,Aug,19.0
733,Fifth Harmony,Music,United States,2013.0,Feb,21.0
734,Mis Pastelitos,Howto & Style,Mexico,2014.0,Jun,24.0
735,Noman Official,Comedy,India,2019.0,Oct,28.0
736,LEGENDA FUNK,Music,Brazil,,,
737,Like Nastya Stories,Entertainment,United States,2019.0,Sep,9.0
738,les boys tv2,Entertainment,United States,2017.0,Feb,7.0
739,Lotus Music,,India,2021.0,Jun,1.0
740,IDEIAS INCRï¿½ï¿½,Howto & Style,Brazil,2017.0,Oct,30.0
741,Reaction Time,Entertainment,United States,2015.0,Apr,25.0
742,BBC News,News & Politics,United Kingdom,2006.0,Apr,8.0
743,Eli Kids - Cartoons & Songs,,United States,2018.0,Jan,16.0
744,Boram Tube ToysReview [ï¿½ï¿½ï¿½ï¿½ï¿½ï¿½ï¿½ï¿½ï¿,People & Blogs,South Korea,2016.0,May,18.0
745,Aadishakti Films,Music,India,2016.0,Oct,28.0
746,Telemundo,Entertainment,United States,2007.0,Jan,3.0
747,GMM25Thailand,Entertainment,Thailand,2011.0,Jun,8.0
748,TV9 Bharatvarsh,People & Blogs,India,2018.0,Nov,19.0
749,Maroon5VEVO,Music,United States,2009.0,May,12.0
750,Saad Lamjarred | ï¿½ï¿½ï¿½ï¿½ï¿½ï¿,Music,Morocco,2012.0,Dec,22.0
751,Hear This Music,Music,,2016.0,Feb,13.0
752,Lilly Singh,Comedy,Canada,2010.0,Oct,29.0
753,ýýýýýýýýýýýýýýýýýýýýý,Entertainment,South Korea,2017.0,Mar,8.0
754,Gyan Gamingï¿½,Gaming,India,2017.0,Sep,1.0
755,Drawblogs,Entertainment,Peru,2014.0,May,20.0
756,NOBRU,Gaming,,2006.0,Feb,3.0
757,ýýýýýýýýýýýý ýýýýýýýýýýýý I ýýýýýý ýý ýýýýýýýýýý,Entertainment,Saudi Arabia,2017.0,Dec,1.0
758,Cyprien,Comedy,France,2007.0,Feb,25.0
759,Rclbeauty101,Comedy,United States,2010.0,Dec,14.0
760,Coke Studio,Music,United States,2008.0,Jun,4.0
761,Indore Physical Academy,People & Blogs,India,2014.0,Apr,19.0
762,Rosanna Pansino,Howto & Style,United States,2010.0,Apr,8.0
763,Harry Styles,People & Blogs,United States,,,
764,Vlad and Niki PRT,,United States,2018.0,Nov,3.0
765,RS 1313 SHORTS,Entertainment,India,2020.0,Oct,24.0
766,Zig & Sharko,Film & Animation,,2015.0,May,6.0
767,SelenaGomezVEVO,Music,United States,2009.0,Nov,24.0
768,ZEE5,Entertainment,India,2018.0,Feb,13.0
769,Super Polina,People & Blogs,United States,2014.0,Jul,8.0
770,Rebecca Zamolo,Comedy,United States,2011.0,Aug,4.0
771,Wish 107.5,Music,Philippines,2014.0,Jul,13.0
772,Invento na Hora,Film & Animation,Brazil,2014.0,Oct,18.0
773,SIS vs BRO,Entertainment,Ukraine,2016.0,Aug,3.0
774,NikkieTutorials,Howto & Style,Netherlands,2008.0,Jun,23.0
775,TommyInnit,Gaming,United Kingdom,2015.0,Dec,24.0
776,E-MasterSensei,Gaming,Mexico,2016.0,Jan,13.0
777,infobells - Kannada,Education,India,2014.0,Mar,13.0
778,Crazy Frog,Music,,2005.0,Oct,2.0
779,The Dodo,Pets & Animals,,2006.0,Jun,14.0
780,SEVENGERS,Comedy,India,2018.0,Jun,4.0
781,Zee Bangla,Entertainment,India,2008.0,Feb,26.0
782,DangMattSmith,Entertainment,United States,2011.0,Aug,18.0
783,Neha Kakkar,Music,India,2012.0,Oct,22.0
784,#Refugio Mental,Entertainment,,2013.0,Aug,10.0
785,ýýýýýýýýýýýýýýýýýýýý ýýýýýýýýýýýýýýýýýýýý,Entertainment,,2017.0,Aug,4.0
786,Trap City,Music,Australia,2015.0,Nov,4.0
787,Supercar Blondie,Autos & Vehicles,United Arab Emirates,2007.0,Sep,12.0
788,Yudist Ardhana,Entertainment,Indonesia,2016.0,Jan,6.0
789,Lana Del Rey,Music,United States,2011.0,May,5.0
790,MalumaVEVO,Music,United States,2011.0,Jun,15.0
791,F2Freestylers - Ultimate Soccer Skills Channel,Sports,United Kingdom,2011.0,Apr,9.0
792,Bie The Ska,Entertainment,Thailand,2006.0,Oct,3.0
793,AM3NlC,Gaming,Brazil,2012.0,Dec,15.0
794,Narins Beauty,Howto & Style,Sweden,2014.0,Sep,24.0
795,TV Ana Emilia,People & Blogs,Mexico,2014.0,Dec,30.0
796,ýýýýýýýýýýýý,Gaming,Russia,2013.0,Oct,26.0
797,Luli Pampï¿½,Music,Spain,2012.0,Dec,22.0
798,Gallina Pintadita,Music,Mexico,2011.0,Aug,2.0
799,ViralHog,People & Blogs,United States,2014.0,Aug,22.0
800,ETV Jabardasth,People & Blogs,India,2015.0,Jul,14.0
801,Zee Telugu,Entertainment,India,2007.0,Jan,31.0
802,Crescendo com Luluca,Entertainment,Brazil,2015.0,Aug,30.0
803,Jazzghost,Gaming,Brazil,2012.0,Aug,30.0
804,karameeshchannel,Entertainment,Jordan,2012.0,Jan,18.0
805,Darkar Company Studios,Film & Animation,United States,2009.0,Feb,15.0
806,Dental Digest,People & Blogs,,2020.0,Aug,12.0
807,T-Series Regional,Entertainment,India,2011.0,Feb,14.0
808,ADEL et SAMI,Entertainment,United States,2018.0,Mar,12.0
809,Jamuna TV,News & Politics,Bangladesh,2021.0,Feb,10.0
810,Atlantic Records,Music,United States,2006.0,Dec,15.0
811,ýýýýýýýý ýý ýýýýýýýýýýýý,,United States,2018.0,Oct,12.0
812,Veritasium,Education,United States,2010.0,Jul,21.0
813,Alexa Rivera,Howto & Style,,2010.0,Aug,21.0
814,Airrack,Entertainment,United States,2015.0,Jan,3.0
815,Hacksmith Industries,Science & Technology,Canada,2006.0,Apr,20.0
816,JD Pantoja,People & Blogs,,2017.0,Jun,5.0
817,ýýýýýýýý/Atro,Gaming,Netherlands,2017.0,Jul,2.0
818,123 GO! Spanish,People & Blogs,Mexico,2019.0,Mar,13.0
819,Geo News,News & Politics,Pakistan,2007.0,Jan,10.0
820,Kids TV India Hindi Nursery Rhymes,Shows,India,2014.0,Nov,17.0
821,Think Music India,Music,India,2009.0,Aug,15.0
822,O Que Nï¿½ï¿½ï¿½ï¿½ï¿½ï¿,Comedy,Brazil,2015.0,Feb,6.0
823,Goldmines Premiere,Entertainment,India,2013.0,Oct,12.0
824,MAIKI021,Entertainment,Brazil,2008.0,Jan,22.0
825,The Vishal bhatt,Comedy,India,2021.0,Aug,15.0
826,NishaMadhulika,Howto & Style,India,2009.0,Aug,2.0
827,MyMissAnand,People & Blogs,India,2014.0,Jul,22.0
828,FAPTV,Comedy,Vietnam,2014.0,Feb,26.0
829,Wesley Safadï¿½,Music,Brazil,2009.0,Jun,21.0
830,infobells,Education,India,2011.0,Oct,20.0
831,Desi Gamers,Gaming,,2020.0,Apr,14.0
832,Acenix,Gaming,Spain,2014.0,Jan,2.0
833,Zeinab Harake,,Philippines,2017.0,Oct,19.0
834,DALLMYD,Sports,United States,2011.0,Feb,1.0
835,Lindsey Stirling,Music,United States,2007.0,May,20.0
836,JOJO TV - Hindi Stories,Education,India,2016.0,Dec,25.0
837,BBC,Pets & Animals,United Kingdom,2005.0,Nov,12.0
838,Saturday Night Live,Entertainment,United States,2013.0,Jul,23.0
839,BUDI01 GAMING,Gaming,Indonesia,2019.0,Jul,19.0
840,Typical Gamer,Gaming,Canada,2008.0,Aug,24.0
841,Anaysa,Howto & Style,India,2012.0,Mar,10.0
842,JULIA GISELLA,Entertainment,United Kingdom,2015.0,Mar,24.0
843,Awakening Music,Music,United Kingdom,2006.0,Dec,25.0
844,Lady Diana,Entertainment,Ukraine,2016.0,Mar,21.0
845,Sanjoy Das Official,Entertainment,India,2015.0,Apr,29.0
846,Woody & Kleiny,Comedy,United Kingdom,2013.0,Mar,30.0
847,Vijay Kumar Viner Vlogs,Entertainment,India,2019.0,Mar,22.0
848,Conor Maynard,Music,United States,2006.0,May,19.0
849,Wengie,Howto & Style,United States,2010.0,Sep,9.0
850,Vlad y Niki Show,,United States,2018.0,Nov,8.0
851,Codiscos,Music,Colombia,2007.0,Feb,8.0
852,The World Adventures ï¿½ï¿½ï¿½ï¿½ï¿½ï¿½,People & Blogs,India,2016.0,Sep,9.0
853,Vibhu 96,,India,2022.0,Jun,5.0
854,Blockbuster Movies,Entertainment,India,2017.0,Jul,4.0
855,ATHLEAN-Xï¿½,Howto & Style,United States,2006.0,Dec,16.0
856,My Mate Nate,Comedy,Thailand,2014.0,Dec,8.0
857,H2ODelirious,Gaming,United States,2007.0,May,24.0
858,GMA Integrated News,News & Politics,Philippines,2007.0,Oct,29.0
859,Peet Montzingo,People & Blogs,United States,2014.0,Jun,1.0
860,The Q,People & Blogs,United States,2006.0,Jan,17.0
861,Trakin Tech,Science & Technology,India,2011.0,Nov,2.0
862,theRadBrad,Gaming,United States,2006.0,Nov,27.0
863,Matt Steffanina,Entertainment,United States,2007.0,Nov,28.0
864,Stray Kids,People & Blogs,,2007.0,Mar,17.0
865,Kurt Hugo Schneider,Entertainment,United States,2007.0,Oct,16.0
866,Vogue,Entertainment,United States,2008.0,Jun,29.0
867,ýýýýýýýýýýýýýýýýýý,People & Blogs,Russia,2015.0,Oct,4.0
868,Kids Lineï¿½ï¿½ï¿½ï¿½ï¿½ï¿½ï¿½,People & Blogs,United States,2011.0,Nov,26.0
869,VexTrex,Entertainment,Ukraine,2014.0,Sep,8.0
870,penguinz0,Gaming,United States,2007.0,May,7.0
871,Just For Laughs Gags,Comedy,United States,2007.0,Jan,14.0
872,Kabita's Kitchen,Howto & Style,India,2014.0,Oct,7.0
873,BanderitaX,Gaming,Saudi Arabia,2013.0,Aug,20.0
874,AzzyLand,Gaming,Canada,2015.0,May,8.0
875,HUBAï¿½ï¿½,Entertainment,United States,2021.0,Feb,20.0
876,BIBO ï¿½ï¿½ï¿½ï¿½ï¿½ï¿,Entertainment,Russia,2019.0,Jan,10.0
877,Brawl Stars,Gaming,Finland,2017.0,Apr,28.0
878,Ei Nerd,Entertainment,,2007.0,Nov,19.0
879,Sonotek Bhakti,Entertainment,India,2010.0,Dec,27.0
880,Vilmei,,Indonesia,2013.0,Sep,25.0
881,MC Divertida,Entertainment,Brazil,2018.0,Jan,17.0
882,The Infographics Show,Education,United States,2011.0,Feb,26.0
883,jbalvinVEVO,Music,Colombia,2010.0,Sep,30.0
884,ýýýýýýTwinsFromRussia,People & Blogs,United States,2011.0,May,16.0
885,Technology Gyan,Science & Technology,India,2015.0,Nov,17.0
886,CookingShooking Hindi,People & Blogs,India,2017.0,Apr,4.0
887,Ryan Trahan,Entertainment,United States,2022.0,Jun,27.0
888,Alex Gonzaga Official,People & Blogs,Philippines,2017.0,Jul,18.0
889,WiederDude,,United States,2016.0,Jun,12.0
890,Ian Boggs,Entertainment,,2010.0,Mar,25.0
891,Lokdhun Punjabi,Music,India,2010.0,Dec,27.0
892,Knowledge Tv ï¿½ï¿½ï¿½ï¿½ï¿½ï¿½,People & Blogs,,2019.0,Nov,24.0
893,Painzeiro,People & Blogs,Brazil,2015.0,Nov,6.0
894,Peppa Pig em Portuguï¿½ï¿½ï¿½ï¿½ï¿½ï¿½ï¿½ï¿½ï¿,Film & Animation,Brazil,2014.0,May,6.0
895,ýýýýýýýýýýýýýýý Ms Yeah,People & Blogs,United States,2017.0,Feb,15.0
896,Hungria Hip Hop,Music,Brazil,2013.0,Apr,13.0
897,RaptorGamer,People & Blogs,Ecuador,2016.0,Jul,16.0
898,RedeTV,Entertainment,Brazil,2011.0,Oct,18.0
899,twenty one pilots,Music,United States,2009.0,Sep,5.0
900,DJ Khaled,Music,Samoa,2006.0,May,27.0
901,Davie504,Entertainment,Italy,2011.0,May,18.0
902,Everson Zoio,Comedy,Brazil,2009.0,Mar,26.0
903,Calon Sarjana,Entertainment,Indonesia,2016.0,Jan,20.0
904,Lofi Girl,Music,France,2015.0,Mar,18.0
905,Jomy Production,Entertainment,India,2021.0,Mar,18.0
906,GH'S,Gaming,South Korea,2020.0,Jul,7.0
907,JesseAndMike,Entertainment,United States,2007.0,Apr,29.0
908,Wolfoo Channel,,Pakistan,2021.0,Aug,11.0
909,Susy Mouriz,Entertainment,Mexico,2017.0,Mar,18.0
910,7 Minutoz,Music,Brazil,2012.0,Jun,4.0
911,The LaBrant Fam,Comedy,United States,2012.0,Aug,24.0
912,Pastor Antï¿½ï¿½ï¿½ï¿½ï,People & Blogs,Brazil,2013.0,Jan,19.0
913,Matheus Yurley,Entertainment,Brazil,2015.0,Jan,27.0
914,gymvirtual,Sports,Spain,2010.0,Nov,1.0
915,BIBOï¿½ï¿½ï¿½ï¿½ï,Entertainment,South Korea,2016.0,Aug,8.0
916,Top Viral Talent,Entertainment,United States,2014.0,Jan,2.0
917,Akon,Music,United States,2005.0,Nov,5.0
918,AlArabiya ï¿½ï¿½ï¿½ï¿½ï¿,People & Blogs,United Arab Emirates,2006.0,Sep,19.0
919,Rauw Alejandro,Music,,2014.0,Dec,11.0
920,EnriqueIglesiasVEVO,Music,United States,2009.0,May,12.0
921,ýýýýýýýý ýýýý ýýýýýýýýýýýýýý,Shows,Ukraine,2014.0,Jul,17.0
922,The Shiny Peanut,Education,Indonesia,2016.0,Oct,26.0
923,Talking Angela,Entertainment,United Kingdom,2014.0,Sep,2.0
924,Melon City Show - ï¿½ï¿½ï¿½ï¿½ï¿½ï¿½ï¿½ï¿½ï¿½ï¿½ï¿,Comedy,Iraq,2016.0,Jan,30.0
925,Duo Tiempo De Sol,Music,Spain,2013.0,Mar,26.0
926,Troom Troom India,Howto & Style,,2015.0,Apr,19.0
927,MrSuicideSheep,Entertainment,Canada,2010.0,Apr,9.0
928,Adam W,Comedy,United States,2015.0,Oct,4.0
929,Right to Shiksha,Education,India,2020.0,Apr,23.0
930,Beyoncï¿½ï¿½,Music,United States,2009.0,Sep,2.0
931,FACT FIRE KING,,India,2020.0,Jul,29.0
932,Ian Lucas,Entertainment,,2016.0,Apr,16.0
933,Franco Escamilla,Comedy,Mexico,2007.0,Oct,19.0
934,Adexe & Nau,Music,Spain,2013.0,Dec,22.0
935,Diana and Roma IND,,United States,2019.0,Nov,7.0
936,Jass Records,Music,,2012.0,Feb,10.0
937,Future,Music,United States,2020.0,Nov,7.0
938,YoungBoy Never Broke Again,Entertainment,United States,2015.0,Jan,4.0
939,Blossom,Howto & Style,United States,2017.0,Jun,1.0
940,#Refï¿½ï¿½ï¿½ï¿½,Entertainment,,2013.0,Aug,10.0
941,Piuzinho,Gaming,Brazil,2015.0,May,13.0
942,Heidi y Zidane,,United States,2019.0,Dec,2.0
943,Go Ami Go!,People & Blogs,Colombia,2015.0,Dec,3.0
944,Morgz,Gaming,United Kingdom,2014.0,Jun,10.0
945,CaseyNeistat,People & Blogs,United States,2010.0,Feb,15.0
946,ýýýýýýýýýSULGI,People & Blogs,South Korea,2012.0,Nov,5.0
947,NickiMinajAtVEVO,Music,United States,2010.0,Apr,1.0
948,Ellie Goulding,Music,United Kingdom,2007.0,Jan,29.0
949,colinfurze,Entertainment,United Kingdom,2006.0,Nov,15.0
950,People Vs Food,Entertainment,United States,2013.0,Jul,30.0
951,Wolfoo Family,,United States,2019.0,Oct,21.0
952,Ja Mill,People & Blogs,,2006.0,Feb,22.0
953,Health Time,Howto & Style,India,2016.0,Sep,25.0
954,Yair17,Gaming,Mexico,2014.0,Jan,22.0
955,Little Baby Bum en Espaï¿½ï,Education,Spain,2014.0,Jun,6.0
956,First We Feast,Howto & Style,United States,2014.0,Feb,28.0
957,Mï¿½ï¿½ï¿½ï¿½,Travel & Events,Mexico,2015.0,Jul,6.0
958,Bebefinn - Nursery Rhymes & Kids Songs,,United States,2022.0,Mar,30.0
959,Troom Troom PT,Howto & Style,,2015.0,Apr,19.0
960,Parafernalha,Entertainment,Brazil,2011.0,May,13.0
961,NDTV,Entertainment,India,2006.0,May,8.0
962,elcarteldesantatv,Music,Mexico,2008.0,Nov,27.0
963,Family Fitness,Entertainment,India,2017.0,Jan,18.0
964,Zee Tamil,Entertainment,India,2008.0,Aug,26.0
965,Flowers Comedy,Entertainment,India,2015.0,Aug,19.0
966,Mundo Bita,Music,Brazil,2011.0,Sep,29.0
967,Wave Music Bhakti,Music,India,2011.0,Apr,19.0
968,Troom Troom Indonesia,People & Blogs,,2020.0,Jul,29.0
969,CKM,Comedy,India,2018.0,Feb,20.0
970,Quantum Tech HD,Science & Technology,Pakistan,2022.0,Apr,23.0
971,_vector_,Comedy,United States,2019.0,Mar,24.0
972,DEV Ke Facts,,India,2012.0,Sep,29.0
973,Hero Movies 2023,People & Blogs,,2017.0,Feb,22.0
974,LOUD,Gaming,United States,2006.0,Jan,4.0
975,Gibby :),People & Blogs,Mexico,2014.0,Aug,30.0
976,Gustavo Parï¿½ï¿½,Comedy,Brazil,2010.0,Aug,24.0
977,SAAIHALILINTAR,Entertainment,Indonesia,2012.0,Apr,28.0
978,Timba Vk,Gaming,Spain,2012.0,Jun,16.0
979,Heidi and Zidane HZHtube,Entertainment,Canada,2015.0,Nov,24.0
980,DaniRep | +6 Vï¿½ï¿½ï¿½ï¿½ï¿½ï¿½ï¿½ï¿½ï¿½ï¿½ï,Gaming,Spain,2012.0,Oct,29.0
981,Zee Kids,Film & Animation,India,2012.0,Jul,6.0
982,Pari's Lifestyle,People & Blogs,India,2018.0,Nov,26.0
983,DisneyChannelUK,Music,United Kingdom,2007.0,Dec,6.0
984,MoniLina,Comedy,United States,2016.0,May,10.0
985,bharatzkitchen HINDI,Howto & Style,India,2016.0,Aug,10.0
986,TKOR,Education,,2006.0,Aug,16.0
987,ANNA KOVA,People & Blogs,,2006.0,Jun,18.0
988,Avril Lavigne,Music,United States,2005.0,Oct,8.0
989,Caylus,Education,United States,2016.0,Apr,6.0
990,Migos ATL,Music,United States,2012.0,Jan,17.0
991,Natan por Aï¿,Sports,Brazil,2017.0,Feb,12.0
992,Free Fire India Official,People & Blogs,India,2018.0,Sep,14.0
993,Panda,,United Kingdom,2006.0,Sep,11.0
994,RobTopGames,Gaming,Sweden,2012.0,May,9.0
995,Make Joke Of,Comedy,India,2017.0,Aug,1.0
